-- ============================================
-- IT Service Desk Analytics - Schema + Data
-- ============================================

DROP TABLE IF EXISTS tickets;
DROP TABLE IF EXISTS agents;
DROP TABLE IF EXISTS teams;

CREATE TABLE teams (
    team_id INT PRIMARY KEY,
    team_name VARCHAR(50),
    capacity_per_week INT
);

CREATE TABLE agents (
    agent_id INT PRIMARY KEY,
    agent_name VARCHAR(50),
    team_id INT,
    FOREIGN KEY (team_id) REFERENCES teams(team_id)
);

CREATE TABLE tickets (
    ticket_id INT PRIMARY KEY,
    ticket_type VARCHAR(30),
    priority VARCHAR(20),
    team_id INT,
    agent_id INT,
    submitted_date DATETIME,
    sla_target_days INT,
    resolved_date DATETIME NULL,
    status VARCHAR(20),
    FOREIGN KEY (team_id) REFERENCES teams(team_id),
    FOREIGN KEY (agent_id) REFERENCES agents(agent_id)
);

-- Teams data
INSERT INTO teams (team_id, team_name, capacity_per_week) VALUES
(1, 'Helpdesk Tier 1', 30),
(2, 'Hardware Support', 15),
(3, 'Application Support', 18),
(4, 'Network Operations', 10),
(5, 'Security & Access', 8);

-- Agents data
INSERT INTO agents (agent_id, agent_name, team_id) VALUES
(1, 'Ravi Kumar', 1),
(2, 'Sneha Iyer', 1),
(3, 'Amit Shah', 1),
(4, 'Divya Nair', 2),
(5, 'Karan Mehta', 2),
(6, 'Priya Menon', 3),
(7, 'Farhan Khan', 3),
(8, 'Neha Verma', 3),
(9, 'Vikram Singh', 4),
(10, 'Ananya Rao', 4),
(11, 'Rohit Sharma', 4),
(12, 'Kavya Reddy', 4),
(13, 'Arjun Nair', 5),
(14, 'Meera Pillai', 5);

-- Tickets data
INSERT INTO tickets (ticket_id, ticket_type, priority, team_id, agent_id, submitted_date, sla_target_days, resolved_date, status) VALUES
(1, 'Network Issue', 'Medium', 1, 1, '2026-01-05 18:03:00', 3, '2026-01-05 18:03:00', 'Cancelled'),
(2, 'Software Issue', 'Low', 3, 6, '2026-01-06 10:27:00', 5, '2026-01-19 09:52:00', 'Resolved'),
(3, 'Software Issue', 'Medium', 1, 3, '2026-01-05 18:07:00', 3, '2026-01-05 18:07:00', 'Cancelled'),
(4, 'Access Request', 'Medium', 5, 13, '2026-01-06 18:37:00', 2, '2026-01-06 18:37:00', 'Cancelled'),
(5, 'Software Issue', 'High', 3, 7, '2026-01-05 17:54:00', 2, '2026-01-08 18:19:00', 'Resolved'),
(6, 'Account Setup', 'Low', 5, 13, '2026-01-07 17:52:00', 5, '2026-01-08 17:52:00', 'Cancelled'),
(7, 'Software Issue', 'Medium', 3, 6, '2026-01-09 14:06:00', 3, '2026-01-13 16:43:00', 'Resolved'),
(8, 'Software Issue', 'Low', 1, 2, '2026-01-07 17:27:00', 5, '2026-01-10 17:27:00', 'Cancelled'),
(9, 'Software Issue', 'Medium', 3, 6, '2026-01-06 14:19:00', 3, '2026-01-08 10:36:00', 'Resolved'),
(10, 'Account Setup', 'Low', 5, 14, '2026-01-06 13:33:00', 5, '2026-01-13 18:04:00', 'Resolved'),
(11, 'Software Issue', 'Medium', 3, 7, '2026-01-05 10:32:00', 3, '2026-01-14 15:02:00', 'Resolved'),
(12, 'Account Setup', 'Medium', 5, 14, '2026-01-06 10:48:00', 3, '2026-01-09 18:31:00', 'Resolved'),
(13, 'Account Setup', 'Low', 5, 13, '2026-01-06 18:51:00', 5, '2026-01-13 10:03:00', 'Resolved'),
(14, 'Access Request', 'Medium', 5, 14, '2026-01-06 13:41:00', 2, '2026-01-08 14:01:00', 'Resolved'),
(15, 'Hardware Issue', 'Low', 2, 4, '2026-01-06 16:22:00', 6, '2026-01-13 13:08:00', 'Resolved'),
(16, 'Access Request', 'Medium', 5, 14, '2026-01-08 12:25:00', 2, '2026-01-08 12:25:00', 'Cancelled'),
(17, 'Hardware Issue', 'Medium', 2, 5, '2026-01-07 11:28:00', 4, '2026-01-08 11:28:00', 'Cancelled'),
(18, 'Network Issue', 'Low', 4, 12, '2026-01-07 15:55:00', 5, '2026-01-14 12:09:00', 'Resolved'),
(19, 'Network Issue', 'Medium', 4, 10, '2026-01-07 10:11:00', 3, '2026-01-19 11:16:00', 'Resolved'),
(20, 'Network Issue', 'Medium', 4, 11, '2026-01-05 13:00:00', 3, '2026-01-08 11:44:00', 'Resolved'),
(21, 'Software Issue', 'Medium', 3, 8, '2026-01-06 17:39:00', 3, '2026-01-06 17:39:00', 'Cancelled'),
(22, 'Software Issue', 'Medium', 1, 3, '2026-01-09 16:57:00', 3, '2026-01-14 15:25:00', 'Resolved'),
(23, 'Software Issue', 'High', 3, 7, '2026-01-07 15:06:00', 2, '2026-01-07 15:06:00', 'Cancelled'),
(24, 'Network Issue', 'High', 1, 2, '2026-01-07 12:04:00', 2, '2026-01-09 18:03:00', 'Resolved'),
(25, 'Software Issue', 'Medium', 3, 8, '2026-01-08 10:00:00', 3, '2026-01-16 18:01:00', 'Resolved'),
(26, 'Network Issue', 'Medium', 4, 12, '2026-01-08 10:55:00', 3, '2026-01-16 14:38:00', 'Resolved'),
(27, 'Network Issue', 'Medium', 4, 12, '2026-01-06 14:30:00', 3, '2026-01-09 16:30:00', 'Resolved'),
(28, 'Hardware Issue', 'High', 2, 5, '2026-01-08 13:05:00', 2, '2026-01-10 13:05:00', 'Cancelled'),
(29, 'Software Issue', 'Medium', 3, 8, '2026-01-05 16:53:00', 3, '2026-01-15 14:09:00', 'Resolved'),
(30, 'Network Issue', 'Medium', 4, 11, '2026-01-05 17:58:00', 3, '2026-01-05 17:58:00', 'Cancelled'),
(31, 'Hardware Issue', 'Low', 2, 4, '2026-01-09 13:33:00', 6, '2026-01-16 17:34:00', 'Resolved'),
(32, 'Software Issue', 'Medium', 3, 8, '2026-01-08 17:21:00', 3, '2026-01-12 12:52:00', 'Resolved'),
(33, 'Network Issue', 'Low', 1, 1, '2026-01-08 15:47:00', 5, '2026-01-15 09:01:00', 'Resolved'),
(34, 'Account Setup', 'Low', 5, 14, '2026-01-08 13:30:00', 5, '2026-01-15 14:05:00', 'Resolved'),
(35, 'Access Request', 'Medium', 5, 13, '2026-01-09 12:06:00', 2, '2026-01-13 18:57:00', 'Resolved'),
(36, 'Network Issue', 'Low', 4, 11, '2026-01-07 18:53:00', 5, '2026-01-07 18:53:00', 'Cancelled'),
(37, 'Software Issue', 'Low', 3, 8, '2026-01-08 10:58:00', 5, '2026-01-09 10:58:00', 'Cancelled'),
(38, 'Software Issue', 'Medium', 3, 8, '2026-01-06 16:56:00', 3, '2026-01-08 16:56:00', 'Cancelled'),
(39, 'Software Issue', 'Low', 1, 3, '2026-01-05 10:51:00', 5, '2026-01-08 10:51:00', 'Cancelled'),
(40, 'Software Issue', 'Medium', 1, 1, '2026-01-09 16:25:00', 3, '2026-01-13 11:01:00', 'Resolved'),
(41, 'Hardware Issue', 'Medium', 1, 3, '2026-01-06 11:37:00', 4, '2026-01-12 14:09:00', 'Resolved'),
(42, 'Hardware Issue', 'Urgent', 2, 4, '2026-01-06 17:35:00', 1, '2026-01-06 17:35:00', 'Cancelled'),
(43, 'Network Issue', 'High', 1, 2, '2026-01-05 17:47:00', 2, '2026-01-06 17:47:00', 'Cancelled'),
(44, 'Network Issue', 'Medium', 4, 11, '2026-01-05 12:01:00', 3, '2026-01-08 13:34:00', 'Resolved'),
(45, 'Hardware Issue', 'Low', 2, 5, '2026-01-08 15:53:00', 6, '2026-01-16 17:08:00', 'Resolved'),
(46, 'Software Issue', 'Medium', 3, 6, '2026-01-07 17:09:00', 3, '2026-01-09 18:00:00', 'Resolved'),
(47, 'Hardware Issue', 'Medium', 2, 4, '2026-01-07 11:11:00', 4, '2026-01-13 17:33:00', 'Resolved'),
(48, 'Hardware Issue', 'Medium', 1, 1, '2026-01-07 17:30:00', 4, '2026-01-07 17:30:00', 'Cancelled'),
(49, 'Hardware Issue', 'Low', 2, 4, '2026-01-08 12:12:00', 6, '2026-01-15 10:28:00', 'Resolved'),
(50, 'Account Setup', 'Urgent', 5, 14, '2026-01-13 17:12:00', 1, '2026-01-14 16:32:00', 'Resolved'),
(51, 'Network Issue', 'Low', 4, 11, '2026-01-13 12:44:00', 5, '2026-01-14 12:44:00', 'Cancelled'),
(52, 'Software Issue', 'Medium', 3, 7, '2026-01-13 16:08:00', 3, '2026-01-15 12:27:00', 'Resolved'),
(53, 'Hardware Issue', 'Low', 2, 4, '2026-01-12 10:13:00', 6, '2026-01-19 14:09:00', 'Resolved'),
(54, 'Account Setup', 'Medium', 5, 14, '2026-01-15 13:56:00', 3, '2026-01-21 15:56:00', 'Resolved'),
(55, 'Access Request', 'Medium', 1, 1, '2026-01-14 16:10:00', 2, '2026-01-16 17:25:00', 'Resolved'),
(56, 'Account Setup', 'Medium', 5, 14, '2026-01-16 14:26:00', 3, '2026-01-16 14:26:00', 'Cancelled'),
(57, 'Hardware Issue', 'Low', 2, 5, '2026-01-14 14:01:00', 6, '2026-01-21 15:21:00', 'Resolved'),
(58, 'Hardware Issue', 'Medium', 2, 4, '2026-01-15 17:39:00', 4, '2026-01-23 10:05:00', 'Resolved'),
(59, 'Access Request', 'Medium', 5, 13, '2026-01-12 13:17:00', 2, '2026-01-13 15:54:00', 'Resolved'),
(60, 'Hardware Issue', 'Low', 2, 5, '2026-01-14 13:25:00', 6, '2026-01-21 13:03:00', 'Resolved'),
(61, 'Access Request', 'Low', 1, 2, '2026-01-15 11:27:00', 4, '2026-01-20 13:05:00', 'Resolved'),
(62, 'Access Request', 'Medium', 5, 14, '2026-01-15 18:54:00', 2, '2026-01-19 09:21:00', 'Resolved'),
(63, 'Software Issue', 'Medium', 1, 2, '2026-01-13 17:26:00', 3, '2026-01-15 17:45:00', 'Resolved'),
(64, 'Software Issue', 'Medium', 1, 2, '2026-01-16 12:07:00', 3, '2026-01-23 13:40:00', 'Resolved'),
(65, 'Access Request', 'Low', 1, 2, '2026-01-12 13:33:00', 4, '2026-01-15 13:22:00', 'Resolved'),
(66, 'Software Issue', 'Medium', 3, 6, '2026-01-15 09:16:00', 3, '2026-01-19 17:30:00', 'Resolved'),
(67, 'Access Request', 'Medium', 5, 14, '2026-01-14 12:59:00', 2, '2026-01-16 17:19:00', 'Resolved'),
(68, 'Network Issue', 'Medium', 4, 10, '2026-01-12 12:14:00', 3, '2026-01-15 09:53:00', 'Resolved'),
(69, 'Software Issue', 'Urgent', 3, 8, '2026-01-14 11:00:00', 1, '2026-01-16 11:00:00', 'Cancelled'),
(70, 'Access Request', 'Medium', 5, 14, '2026-01-12 15:10:00', 2, '2026-01-14 18:15:00', 'Resolved'),
(71, 'Access Request', 'Medium', 5, 13, '2026-01-14 13:02:00', 2, '2026-01-16 13:02:00', 'Cancelled'),
(72, 'Hardware Issue', 'Low', 2, 5, '2026-01-13 16:00:00', 6, '2026-01-21 12:02:00', 'Resolved'),
(73, 'Account Setup', 'Medium', 5, 13, '2026-01-14 13:13:00', 3, '2026-01-16 13:13:00', 'Cancelled'),
(74, 'Hardware Issue', 'High', 2, 4, '2026-01-16 15:05:00', 2, '2026-01-21 10:16:00', 'Resolved'),
(75, 'Account Setup', 'Low', 5, 13, '2026-01-13 10:09:00', 5, '2026-01-20 13:40:00', 'Resolved'),
(76, 'Software Issue', 'Medium', 3, 8, '2026-01-16 12:05:00', 3, '2026-01-20 18:24:00', 'Resolved'),
(77, 'Software Issue', 'Low', 1, 1, '2026-01-16 14:46:00', 5, '2026-01-22 09:52:00', 'Resolved'),
(78, 'Hardware Issue', 'Low', 2, 4, '2026-01-12 17:40:00', 6, '2026-01-19 18:51:00', 'Resolved'),
(79, 'Access Request', 'Urgent', 5, 13, '2026-01-12 12:05:00', 1, '2026-01-13 10:24:00', 'Resolved'),
(80, 'Network Issue', 'High', 4, 9, '2026-01-12 16:35:00', 2, '2026-01-13 16:16:00', 'Resolved'),
(81, 'Hardware Issue', 'Low', 1, 3, '2026-01-14 09:29:00', 6, '2026-01-21 17:04:00', 'Resolved'),
(82, 'Software Issue', 'High', 1, 2, '2026-01-13 16:16:00', 2, '2026-01-14 12:47:00', 'Resolved'),
(83, 'Software Issue', 'High', 1, 1, '2026-01-13 16:31:00', 2, '2026-01-16 16:31:00', 'Cancelled'),
(84, 'Access Request', 'Low', 5, 13, '2026-01-15 13:49:00', 4, '2026-01-15 13:49:00', 'Cancelled'),
(85, 'Software Issue', 'Medium', 3, 8, '2026-01-13 18:09:00', 3, '2026-01-16 18:36:00', 'Resolved'),
(86, 'Access Request', 'Medium', 5, 14, '2026-01-12 11:00:00', 2, '2026-01-13 12:43:00', 'Resolved'),
(87, 'Software Issue', 'Medium', 1, 2, '2026-01-14 16:18:00', 3, '2026-01-17 16:18:00', 'Cancelled'),
(88, 'Network Issue', 'Medium', 4, 10, '2026-01-13 16:29:00', 3, '2026-01-19 16:01:00', 'Resolved'),
(89, 'Hardware Issue', 'High', 2, 5, '2026-01-15 13:29:00', 2, '2026-01-17 13:29:00', 'Cancelled'),
(90, 'Hardware Issue', 'Medium', 1, 1, '2026-01-14 15:13:00', 4, '2026-01-21 11:47:00', 'Resolved'),
(91, 'Access Request', 'Medium', 1, 1, '2026-01-13 17:16:00', 2, '2026-01-15 17:16:00', 'Cancelled'),
(92, 'Account Setup', 'Low', 5, 14, '2026-01-15 10:45:00', 5, '2026-01-22 15:01:00', 'Resolved'),
(93, 'Software Issue', 'Medium', 1, 3, '2026-01-15 11:00:00', 3, '2026-01-20 11:26:00', 'Resolved'),
(94, 'Network Issue', 'Medium', 4, 11, '2026-01-13 14:24:00', 3, '2026-01-21 15:07:00', 'Resolved'),
(95, 'Account Setup', 'Medium', 5, 14, '2026-01-12 12:45:00', 3, '2026-01-14 12:45:00', 'Cancelled'),
(96, 'Network Issue', 'Low', 4, 9, '2026-01-13 14:04:00', 5, '2026-01-15 14:04:00', 'Cancelled'),
(97, 'Software Issue', 'Low', 3, 6, '2026-01-13 15:48:00', 5, '2026-01-21 13:40:00', 'Resolved'),
(98, 'Software Issue', 'Medium', 1, 2, '2026-01-12 11:15:00', 3, '2026-01-14 14:50:00', 'Resolved'),
(99, 'Hardware Issue', 'Low', 2, 5, '2026-01-15 15:56:00', 6, '2026-01-22 10:03:00', 'Resolved'),
(100, 'Hardware Issue', 'Medium', 2, 4, '2026-01-16 15:28:00', 4, '2026-01-22 16:03:00', 'Resolved'),
(101, 'Software Issue', 'Medium', 3, 7, '2026-01-14 17:08:00', 3, '2026-01-19 13:47:00', 'Resolved'),
(102, 'Network Issue', 'Medium', 4, 11, '2026-01-14 13:25:00', 3, '2026-01-19 10:10:00', 'Resolved'),
(103, 'Software Issue', 'High', 3, 7, '2026-01-23 16:35:00', 2, '2026-01-26 16:35:00', 'Cancelled'),
(104, 'Access Request', 'Low', 5, 13, '2026-01-20 15:08:00', 4, '2026-01-29 17:05:00', 'Resolved'),
(105, 'Network Issue', 'Low', 4, 10, '2026-01-20 14:15:00', 5, '2026-01-27 15:26:00', 'Resolved'),
(106, 'Software Issue', 'Low', 3, 7, '2026-01-19 17:13:00', 5, '2026-01-19 17:13:00', 'Cancelled'),
(107, 'Account Setup', 'Low', 5, 14, '2026-01-20 16:17:00', 5, '2026-02-03 17:40:00', 'Resolved'),
(108, 'Software Issue', 'Low', 3, 6, '2026-01-20 12:05:00', 5, '2026-01-27 15:19:00', 'Resolved'),
(109, 'Access Request', 'High', 5, 14, '2026-01-23 09:08:00', 1, '2026-01-26 16:00:00', 'Resolved'),
(110, 'Hardware Issue', 'Medium', 1, 3, '2026-01-20 10:25:00', 4, '2026-01-26 12:50:00', 'Resolved'),
(111, 'Hardware Issue', 'Medium', 2, 4, '2026-01-23 10:14:00', 4, '2026-01-26 10:14:00', 'Cancelled'),
(112, 'Account Setup', 'High', 1, 1, '2026-01-23 10:35:00', 2, '2026-01-26 18:58:00', 'Resolved'),
(113, 'Hardware Issue', 'Medium', 1, 1, '2026-01-19 09:41:00', 4, '2026-01-23 10:06:00', 'Resolved'),
(114, 'Software Issue', 'Medium', 3, 8, '2026-01-19 10:19:00', 3, '2026-01-27 12:50:00', 'Resolved'),
(115, 'Software Issue', 'Medium', 3, 7, '2026-01-21 18:00:00', 3, '2026-01-24 18:00:00', 'Cancelled'),
(116, 'Hardware Issue', 'Medium', 2, 4, '2026-01-22 13:20:00', 4, '2026-01-27 17:15:00', 'Resolved'),
(117, 'Hardware Issue', 'Medium', 1, 2, '2026-01-20 09:26:00', 4, '2026-01-28 16:56:00', 'Resolved'),
(118, 'Hardware Issue', 'Low', 2, 5, '2026-01-22 15:05:00', 6, '2026-01-29 16:02:00', 'Resolved'),
(119, 'Software Issue', 'High', 3, 8, '2026-01-21 14:45:00', 2, '2026-01-22 13:47:00', 'Resolved'),
(120, 'Account Setup', 'Medium', 5, 13, '2026-01-19 17:04:00', 3, '2026-01-21 12:29:00', 'Resolved'),
(121, 'Software Issue', 'Low', 1, 2, '2026-01-19 12:16:00', 5, '2026-01-19 12:16:00', 'Cancelled'),
(122, 'Network Issue', 'Low', 4, 10, '2026-01-22 18:31:00', 5, '2026-01-28 18:09:00', 'Resolved'),
(123, 'Access Request', 'Medium', 5, 13, '2026-01-20 15:03:00', 2, '2026-01-21 11:25:00', 'Resolved'),
(124, 'Hardware Issue', 'High', 1, 2, '2026-01-19 16:57:00', 2, '2026-01-20 11:21:00', 'Resolved'),
(125, 'Access Request', 'High', 5, 14, '2026-01-21 12:11:00', 1, '2026-01-21 12:11:00', 'Cancelled'),
(126, 'Hardware Issue', 'Medium', 1, 2, '2026-01-22 13:42:00', 4, '2026-01-28 11:06:00', 'Resolved'),
(127, 'Hardware Issue', 'Low', 2, 5, '2026-01-23 09:05:00', 6, '2026-01-30 17:48:00', 'Resolved'),
(128, 'Hardware Issue', 'Low', 2, 5, '2026-01-22 12:24:00', 6, '2026-01-30 10:03:00', 'Resolved'),
(129, 'Access Request', 'Medium', 5, 14, '2026-01-19 16:12:00', 2, '2026-01-26 16:01:00', 'Resolved'),
(130, 'Hardware Issue', 'Medium', 1, 2, '2026-01-22 15:15:00', 4, '2026-01-29 16:04:00', 'Resolved'),
(131, 'Software Issue', 'Low', 3, 6, '2026-01-23 09:16:00', 5, '2026-01-25 09:16:00', 'Cancelled'),
(132, 'Account Setup', 'Low', 5, 13, '2026-01-23 14:17:00', 5, '2026-01-30 13:19:00', 'Resolved'),
(133, 'Hardware Issue', 'High', 1, 3, '2026-01-23 09:46:00', 2, '2026-01-26 09:52:00', 'Resolved'),
(134, 'Access Request', 'Medium', 5, 14, '2026-01-21 12:06:00', 2, '2026-01-23 13:58:00', 'Resolved'),
(135, 'Software Issue', 'Urgent', 3, 7, '2026-01-20 15:52:00', 1, '2026-01-21 15:52:00', 'Cancelled'),
(136, 'Account Setup', 'High', 1, 2, '2026-01-21 09:51:00', 2, '2026-01-22 18:15:00', 'Resolved'),
(137, 'Hardware Issue', 'Low', 2, 5, '2026-01-20 14:55:00', 6, '2026-01-27 17:12:00', 'Resolved'),
(138, 'Account Setup', 'Urgent', 5, 14, '2026-01-19 15:48:00', 1, '2026-01-21 16:35:00', 'Resolved'),
(139, 'Software Issue', 'Medium', 3, 7, '2026-01-21 17:20:00', 3, '2026-01-23 13:39:00', 'Resolved'),
(140, 'Access Request', 'Low', 5, 14, '2026-01-20 10:13:00', 4, '2026-01-23 10:13:00', 'Cancelled'),
(141, 'Software Issue', 'High', 3, 7, '2026-01-20 11:14:00', 2, '2026-01-21 17:54:00', 'Resolved'),
(142, 'Access Request', 'Low', 1, 2, '2026-01-20 10:49:00', 4, '2026-01-26 14:16:00', 'Resolved'),
(143, 'Account Setup', 'Medium', 5, 13, '2026-01-21 13:12:00', 3, '2026-01-23 13:56:00', 'Resolved'),
(144, 'Account Setup', 'High', 5, 14, '2026-01-19 18:12:00', 2, '2026-01-20 17:33:00', 'Resolved'),
(145, 'Account Setup', 'Medium', 1, 3, '2026-01-19 12:41:00', 3, '2026-01-21 10:00:00', 'Resolved'),
(146, 'Software Issue', 'Medium', 1, 2, '2026-01-19 16:56:00', 3, '2026-01-21 13:14:00', 'Resolved'),
(147, 'Hardware Issue', 'Low', 2, 4, '2026-01-20 10:03:00', 6, '2026-01-28 17:55:00', 'Resolved'),
(148, 'Hardware Issue', 'Medium', 2, 4, '2026-01-20 11:28:00', 4, '2026-02-02 18:22:00', 'Resolved'),
(149, 'Software Issue', 'Low', 3, 6, '2026-01-19 12:02:00', 5, '2026-01-29 09:38:00', 'Resolved'),
(150, 'Access Request', 'Urgent', 5, 14, '2026-01-19 12:52:00', 1, '2026-01-20 14:11:00', 'Resolved'),
(151, 'Software Issue', 'Low', 3, 6, '2026-01-19 18:19:00', 5, '2026-01-26 10:26:00', 'Resolved'),
(152, 'Software Issue', 'Medium', 3, 8, '2026-01-21 10:50:00', 3, '2026-02-02 10:41:00', 'Resolved'),
(153, 'Access Request', 'Medium', 5, 14, '2026-01-19 11:25:00', 2, '2026-01-21 15:03:00', 'Resolved'),
(154, 'Network Issue', 'Medium', 4, 11, '2026-01-22 13:47:00', 3, '2026-01-26 14:41:00', 'Resolved'),
(155, 'Access Request', 'Low', 5, 13, '2026-01-20 12:25:00', 4, '2026-01-26 11:27:00', 'Resolved'),
(156, 'Software Issue', 'Low', 3, 8, '2026-01-22 10:52:00', 5, '2026-01-29 11:08:00', 'Resolved'),
(157, 'Hardware Issue', 'Medium', 2, 5, '2026-01-20 09:03:00', 4, '2026-02-02 14:47:00', 'Resolved'),
(158, 'Hardware Issue', 'Medium', 2, 5, '2026-01-21 17:10:00', 4, '2026-01-22 17:10:00', 'Cancelled'),
(159, 'Software Issue', 'High', 1, 1, '2026-01-21 17:10:00', 2, '2026-01-22 13:08:00', 'Resolved'),
(160, 'Network Issue', 'Low', 4, 9, '2026-01-20 09:58:00', 5, '2026-01-27 10:57:00', 'Resolved'),
(161, 'Network Issue', 'High', 4, 10, '2026-01-27 11:40:00', 2, '2026-01-28 16:11:00', 'Resolved'),
(162, 'Hardware Issue', 'Medium', 2, 4, '2026-01-28 18:13:00', 4, '2026-01-31 18:13:00', 'Cancelled'),
(163, 'Account Setup', 'Medium', 5, 13, '2026-01-26 14:07:00', 3, '2026-02-05 09:42:00', 'Resolved'),
(164, 'Access Request', 'Medium', 5, 14, '2026-01-26 14:07:00', 2, '2026-01-28 15:19:00', 'Resolved'),
(165, 'Hardware Issue', 'Low', 2, 5, '2026-01-29 18:15:00', 6, '2026-02-06 11:01:00', 'Resolved'),
(166, 'Hardware Issue', 'Medium', 1, 2, '2026-01-29 09:39:00', 4, '2026-02-04 11:51:00', 'Resolved'),
(167, 'Software Issue', 'High', 3, 6, '2026-01-30 16:25:00', 2, '2026-02-03 10:51:00', 'Resolved'),
(168, 'Network Issue', 'Medium', 4, 9, '2026-01-29 16:32:00', 3, '2026-02-05 10:59:00', 'Resolved'),
(169, 'Software Issue', 'Low', 1, 1, '2026-01-26 14:49:00', 5, '2026-02-09 15:41:00', 'Resolved'),
(170, 'Account Setup', 'Low', 1, 3, '2026-01-26 11:01:00', 5, '2026-01-30 12:08:00', 'Resolved'),
(171, 'Software Issue', 'Medium', 1, 1, '2026-01-29 16:18:00', 3, '2026-02-02 10:53:00', 'Resolved'),
(172, 'Hardware Issue', 'Medium', 1, 1, '2026-01-28 14:39:00', 4, '2026-02-03 16:09:00', 'Resolved'),
(173, 'Network Issue', 'Low', 1, 2, '2026-01-30 13:32:00', 5, '2026-01-31 13:32:00', 'Cancelled'),
(174, 'Network Issue', 'Low', 4, 10, '2026-01-26 18:16:00', 5, '2026-01-28 18:16:00', 'Cancelled'),
(175, 'Hardware Issue', 'High', 2, 5, '2026-01-26 14:02:00', 2, '2026-02-02 14:57:00', 'Resolved'),
(176, 'Hardware Issue', 'Low', 1, 2, '2026-01-28 15:10:00', 6, '2026-02-12 09:40:00', 'Resolved'),
(177, 'Hardware Issue', 'Medium', 2, 4, '2026-01-26 14:55:00', 4, '2026-01-28 14:55:00', 'Cancelled'),
(178, 'Account Setup', 'High', 1, 3, '2026-01-26 17:40:00', 2, '2026-01-28 15:23:00', 'Resolved'),
(179, 'Software Issue', 'Medium', 3, 6, '2026-01-27 18:09:00', 3, '2026-01-29 18:47:00', 'Resolved'),
(180, 'Network Issue', 'Low', 1, 2, '2026-01-28 09:18:00', 5, '2026-02-04 09:47:00', 'Resolved'),
(181, 'Hardware Issue', 'Medium', 2, 5, '2026-01-27 09:14:00', 4, '2026-01-30 09:14:00', 'Cancelled'),
(182, 'Hardware Issue', 'Medium', 1, 1, '2026-01-29 17:23:00', 4, '2026-02-03 09:03:00', 'Resolved'),
(183, 'Network Issue', 'Medium', 4, 9, '2026-01-26 09:36:00', 3, '2026-01-28 15:37:00', 'Resolved'),
(184, 'Network Issue', 'Medium', 4, 11, '2026-01-26 13:37:00', 3, '2026-01-29 11:08:00', 'Resolved'),
(185, 'Account Setup', 'Low', 1, 3, '2026-01-28 09:59:00', 5, '2026-01-29 09:59:00', 'Cancelled'),
(186, 'Network Issue', 'Low', 4, 10, '2026-01-26 16:06:00', 5, '2026-01-28 16:06:00', 'Cancelled'),
(187, 'Hardware Issue', 'Low', 2, 4, '2026-01-27 15:51:00', 6, '2026-01-27 15:51:00', 'Cancelled'),
(188, 'Hardware Issue', 'Medium', 2, 5, '2026-01-27 17:57:00', 4, '2026-01-30 17:57:00', 'Cancelled'),
(189, 'Account Setup', 'High', 1, 1, '2026-01-28 12:10:00', 2, '2026-02-02 15:11:00', 'Resolved'),
(190, 'Network Issue', 'Low', 4, 9, '2026-01-27 12:10:00', 5, '2026-02-10 12:09:00', 'Resolved'),
(191, 'Hardware Issue', 'Medium', 2, 5, '2026-01-30 15:12:00', 4, '2026-01-31 15:12:00', 'Cancelled'),
(192, 'Network Issue', 'Medium', 4, 9, '2026-01-26 17:19:00', 3, '2026-01-29 17:00:00', 'Resolved'),
(193, 'Access Request', 'Medium', 5, 14, '2026-01-27 15:54:00', 2, '2026-02-06 16:11:00', 'Resolved'),
(194, 'Access Request', 'High', 5, 13, '2026-01-26 12:06:00', 1, '2026-02-04 13:45:00', 'Resolved'),
(195, 'Account Setup', 'Low', 5, 14, '2026-01-29 09:17:00', 5, '2026-02-05 13:41:00', 'Resolved'),
(196, 'Network Issue', 'Medium', 1, 1, '2026-01-28 12:05:00', 3, '2026-01-30 12:10:00', 'Resolved'),
(197, 'Software Issue', 'Medium', 1, 2, '2026-01-30 14:12:00', 3, '2026-02-04 17:30:00', 'Resolved'),
(198, 'Software Issue', 'Low', 3, 6, '2026-01-27 16:53:00', 5, '2026-02-03 12:36:00', 'Resolved'),
(199, 'Network Issue', 'Medium', 4, 9, '2026-01-29 13:50:00', 3, '2026-02-02 11:02:00', 'Resolved'),
(200, 'Access Request', 'Medium', 5, 13, '2026-01-27 09:07:00', 2, '2026-01-28 09:01:00', 'Resolved');

INSERT INTO tickets (ticket_id, ticket_type, priority, team_id, agent_id, submitted_date, sla_target_days, resolved_date, status) VALUES
(201, 'Network Issue', 'High', 4, 9, '2026-01-26 09:08:00', 2, '2026-01-26 09:08:00', 'Cancelled'),
(202, 'Software Issue', 'Medium', 1, 2, '2026-01-29 09:04:00', 3, '2026-02-02 15:06:00', 'Resolved'),
(203, 'Account Setup', 'Medium', 5, 13, '2026-01-28 12:13:00', 3, '2026-02-10 10:52:00', 'Resolved'),
(204, 'Software Issue', 'Medium', 3, 6, '2026-01-27 13:30:00', 3, '2026-01-29 13:20:00', 'Resolved'),
(205, 'Network Issue', 'Low', 4, 11, '2026-01-26 14:27:00', 5, '2026-02-05 09:45:00', 'Resolved'),
(206, 'Software Issue', 'Medium', 3, 8, '2026-01-27 14:58:00', 3, '2026-01-30 14:58:00', 'Cancelled'),
(207, 'Network Issue', 'Medium', 4, 12, '2026-01-27 13:39:00', 3, '2026-02-06 10:22:00', 'Resolved'),
(208, 'Hardware Issue', 'Medium', 2, 4, '2026-01-28 16:45:00', 4, '2026-01-28 16:45:00', 'Cancelled'),
(209, 'Software Issue', 'Medium', 3, 7, '2026-01-30 18:52:00', 3, '2026-02-06 13:48:00', 'Resolved'),
(210, 'Access Request', 'Medium', 5, 13, '2026-01-29 09:00:00', 2, '2026-01-30 16:37:00', 'Resolved'),
(211, 'Account Setup', 'High', 5, 13, '2026-01-28 14:53:00', 2, '2026-01-30 14:53:00', 'Cancelled'),
(212, 'Software Issue', 'Medium', 3, 6, '2026-01-27 12:44:00', 3, '2026-02-09 10:31:00', 'Resolved'),
(213, 'Software Issue', 'Medium', 3, 7, '2026-01-26 17:50:00', 3, '2026-01-29 15:57:00', 'Resolved'),
(214, 'Hardware Issue', 'Medium', 1, 1, '2026-01-27 10:27:00', 4, '2026-02-02 13:27:00', 'Resolved'),
(215, 'Hardware Issue', 'Medium', 2, 4, '2026-01-26 17:32:00', 4, '2026-01-29 17:38:00', 'Resolved'),
(216, 'Hardware Issue', 'Medium', 2, 5, '2026-01-26 18:41:00', 4, '2026-01-30 17:47:00', 'Resolved'),
(217, 'Network Issue', 'Urgent', 4, 11, '2026-01-30 14:10:00', 1, '2026-02-02 11:21:00', 'Resolved'),
(218, 'Software Issue', 'High', 1, 1, '2026-01-26 16:41:00', 2, '2026-01-27 16:41:00', 'Cancelled'),
(219, 'Software Issue', 'High', 1, 3, '2026-01-29 13:19:00', 2, '2026-01-30 12:46:00', 'Resolved'),
(220, 'Access Request', 'Low', 1, 2, '2026-02-06 12:20:00', 4, '2026-02-11 11:42:00', 'Resolved'),
(221, 'Software Issue', 'Medium', 3, 6, '2026-02-03 10:12:00', 3, '2026-02-06 15:17:00', 'Resolved'),
(222, 'Software Issue', 'Urgent', 3, 6, '2026-02-02 12:06:00', 1, '2026-02-04 12:06:00', 'Cancelled'),
(223, 'Access Request', 'Medium', 5, 13, '2026-02-05 12:56:00', 2, '2026-02-13 12:32:00', 'Resolved'),
(224, 'Hardware Issue', 'Medium', 2, 5, '2026-02-04 13:29:00', 4, '2026-02-10 09:47:00', 'Resolved'),
(225, 'Software Issue', 'Low', 1, 3, '2026-02-03 12:58:00', 5, '2026-02-06 12:58:00', 'Cancelled'),
(226, 'Hardware Issue', 'High', 1, 3, '2026-02-02 12:42:00', 2, '2026-02-03 12:42:00', 'Cancelled'),
(227, 'Software Issue', 'Low', 3, 7, '2026-02-04 11:41:00', 5, '2026-02-19 10:57:00', 'Resolved'),
(228, 'Account Setup', 'Medium', 1, 3, '2026-02-02 15:15:00', 3, '2026-02-04 13:54:00', 'Resolved'),
(229, 'Account Setup', 'Low', 5, 14, '2026-02-04 15:30:00', 5, '2026-02-10 14:49:00', 'Resolved'),
(230, 'Hardware Issue', 'Medium', 1, 1, '2026-02-04 09:24:00', 4, '2026-02-04 09:24:00', 'Cancelled'),
(231, 'Account Setup', 'Medium', 5, 13, '2026-02-05 13:34:00', 3, '2026-02-09 18:29:00', 'Resolved'),
(232, 'Software Issue', 'Low', 1, 3, '2026-02-06 17:13:00', 5, '2026-02-18 17:21:00', 'Resolved'),
(233, 'Network Issue', 'Medium', 1, 1, '2026-02-04 15:47:00', 3, '2026-02-05 15:47:00', 'Cancelled'),
(234, 'Software Issue', 'Medium', 1, 1, '2026-02-02 15:32:00', 3, '2026-02-05 09:16:00', 'Resolved'),
(235, 'Software Issue', 'High', 3, 6, '2026-02-04 13:24:00', 2, '2026-02-12 14:37:00', 'Resolved'),
(236, 'Access Request', 'Low', 5, 14, '2026-02-02 13:06:00', 4, '2026-02-05 15:29:00', 'Resolved'),
(237, 'Account Setup', 'Medium', 5, 13, '2026-02-03 12:10:00', 3, '2026-02-05 16:41:00', 'Resolved'),
(238, 'Software Issue', 'Medium', 3, 6, '2026-02-06 17:46:00', 3, '2026-02-11 16:18:00', 'Resolved'),
(239, 'Access Request', 'Low', 5, 14, '2026-02-04 17:41:00', 4, '2026-02-09 13:45:00', 'Resolved'),
(240, 'Network Issue', 'Medium', 4, 12, '2026-02-05 15:43:00', 3, '2026-02-10 09:51:00', 'Resolved'),
(241, 'Software Issue', 'Medium', 3, 7, '2026-02-02 13:22:00', 3, '2026-02-05 15:39:00', 'Resolved'),
(242, 'Access Request', 'Low', 1, 1, '2026-02-05 10:42:00', 4, '2026-02-11 09:05:00', 'Resolved'),
(243, 'Hardware Issue', 'Low', 2, 4, '2026-02-05 18:57:00', 6, '2026-02-13 18:00:00', 'Resolved'),
(244, 'Software Issue', 'Medium', 1, 3, '2026-02-03 09:13:00', 3, '2026-02-05 09:13:00', 'Cancelled'),
(245, 'Account Setup', 'Medium', 5, 13, '2026-02-03 13:38:00', 3, '2026-02-05 16:22:00', 'Resolved'),
(246, 'Hardware Issue', 'Medium', 1, 3, '2026-02-03 11:13:00', 4, '2026-02-06 17:50:00', 'Resolved'),
(247, 'Hardware Issue', 'High', 2, 4, '2026-02-03 13:12:00', 2, '2026-02-05 10:35:00', 'Resolved'),
(248, 'Account Setup', 'Low', 5, 13, '2026-02-05 10:16:00', 5, '2026-02-11 16:29:00', 'Resolved'),
(249, 'Software Issue', 'Medium', 3, 7, '2026-02-04 11:44:00', 3, '2026-02-16 09:10:00', 'Resolved'),
(250, 'Access Request', 'Medium', 5, 14, '2026-02-02 14:29:00', 2, '2026-02-04 14:27:00', 'Resolved'),
(251, 'Software Issue', 'Medium', 3, 8, '2026-02-02 15:43:00', 3, '2026-02-04 09:39:00', 'Resolved'),
(252, 'Account Setup', 'High', 5, 14, '2026-02-03 09:43:00', 2, '2026-02-04 17:30:00', 'Resolved'),
(253, 'Hardware Issue', 'Low', 1, 1, '2026-02-03 16:48:00', 6, '2026-02-11 11:21:00', 'Resolved'),
(254, 'Hardware Issue', 'Urgent', 2, 5, '2026-02-06 10:55:00', 1, '2026-02-09 17:35:00', 'Resolved'),
(255, 'Software Issue', 'Medium', 3, 7, '2026-02-06 12:18:00', 3, '2026-02-12 13:18:00', 'Resolved'),
(256, 'Access Request', 'Medium', 5, 14, '2026-02-03 14:52:00', 2, '2026-02-05 17:22:00', 'Resolved'),
(257, 'Network Issue', 'Low', 4, 9, '2026-02-02 12:41:00', 5, '2026-02-04 12:41:00', 'Cancelled'),
(258, 'Hardware Issue', 'Low', 1, 1, '2026-02-05 12:20:00', 6, '2026-02-05 12:20:00', 'Cancelled'),
(259, 'Hardware Issue', 'High', 1, 2, '2026-02-06 09:25:00', 2, '2026-02-09 15:19:00', 'Resolved'),
(260, 'Network Issue', 'Low', 4, 12, '2026-02-04 10:00:00', 5, '2026-02-10 17:58:00', 'Resolved'),
(261, 'Hardware Issue', 'High', 2, 4, '2026-02-06 17:39:00', 2, '2026-02-09 12:02:00', 'Resolved'),
(262, 'Hardware Issue', 'Medium', 1, 1, '2026-02-04 16:40:00', 4, '2026-02-09 15:49:00', 'Resolved'),
(263, 'Account Setup', 'Medium', 1, 1, '2026-02-03 10:58:00', 3, '2026-02-05 13:35:00', 'Resolved'),
(264, 'Access Request', 'Urgent', 5, 14, '2026-02-03 13:55:00', 1, '2026-02-05 15:36:00', 'Resolved'),
(265, 'Software Issue', 'Low', 1, 2, '2026-02-02 18:59:00', 5, '2026-02-06 10:49:00', 'Resolved'),
(266, 'Network Issue', 'Low', 4, 12, '2026-02-03 15:36:00', 5, '2026-02-09 15:38:00', 'Resolved'),
(267, 'Hardware Issue', 'Medium', 1, 2, '2026-02-06 18:42:00', 4, '2026-02-09 18:42:00', 'Cancelled'),
(268, 'Network Issue', 'Low', 4, 12, '2026-02-02 17:06:00', 5, '2026-02-11 09:27:00', 'Resolved'),
(269, 'Software Issue', 'Low', 3, 6, '2026-02-05 09:00:00', 5, '2026-02-11 12:55:00', 'Resolved'),
(270, 'Software Issue', 'Low', 3, 7, '2026-02-05 10:08:00', 5, '2026-02-11 16:46:00', 'Resolved'),
(271, 'Account Setup', 'High', 5, 13, '2026-02-03 11:59:00', 2, '2026-02-04 13:40:00', 'Resolved'),
(272, 'Network Issue', 'Medium', 4, 11, '2026-02-02 17:45:00', 3, '2026-02-04 09:00:00', 'Resolved'),
(273, 'Account Setup', 'Low', 5, 14, '2026-02-11 13:46:00', 5, '2026-02-18 14:36:00', 'Resolved'),
(274, 'Access Request', 'High', 5, 13, '2026-02-10 16:30:00', 1, '2026-02-11 10:23:00', 'Resolved'),
(275, 'Software Issue', 'Medium', 1, 2, '2026-02-10 11:40:00', 3, '2026-02-13 13:50:00', 'Resolved'),
(276, 'Network Issue', 'Medium', 4, 9, '2026-02-12 18:21:00', 3, '2026-02-17 18:46:00', 'Resolved'),
(277, 'Software Issue', 'Medium', 3, 7, '2026-02-10 09:53:00', 3, '2026-02-12 15:24:00', 'Resolved'),
(278, 'Hardware Issue', 'Medium', 1, 1, '2026-02-11 15:38:00', 4, '2026-02-17 09:20:00', 'Resolved'),
(279, 'Account Setup', 'Medium', 5, 13, '2026-02-10 13:17:00', 3, '2026-02-12 18:09:00', 'Resolved'),
(280, 'Software Issue', 'Medium', 1, 3, '2026-02-13 13:54:00', 3, '2026-02-18 14:34:00', 'Resolved'),
(281, 'Software Issue', 'Low', 3, 7, '2026-02-11 10:34:00', 5, '2026-02-26 12:19:00', 'Resolved'),
(282, 'Hardware Issue', 'Medium', 2, 5, '2026-02-09 18:03:00', 4, '2026-02-13 18:48:00', 'Resolved'),
(283, 'Network Issue', 'Low', 4, 9, '2026-02-09 09:50:00', 5, '2026-02-16 10:14:00', 'Resolved'),
(284, 'Hardware Issue', 'Medium', 2, 5, '2026-02-10 15:37:00', 4, '2026-02-16 16:32:00', 'Resolved'),
(285, 'Network Issue', 'Low', 4, 10, '2026-02-13 18:12:00', 5, '2026-03-02 13:23:00', 'Resolved'),
(286, 'Software Issue', 'High', 3, 8, '2026-02-10 18:36:00', 2, '2026-02-11 09:59:00', 'Resolved'),
(287, 'Network Issue', 'Low', 1, 2, '2026-02-10 16:23:00', 5, '2026-02-16 11:20:00', 'Resolved'),
(288, 'Network Issue', 'Medium', 4, 9, '2026-02-10 18:01:00', 3, '2026-02-17 18:31:00', 'Resolved'),
(289, 'Network Issue', 'Low', 4, 11, '2026-02-11 18:36:00', 5, '2026-02-18 18:52:00', 'Resolved'),
(290, 'Access Request', 'Medium', 5, 13, '2026-02-09 18:08:00', 2, '2026-02-10 15:05:00', 'Resolved'),
(291, 'Account Setup', 'Medium', 5, 14, '2026-02-13 09:03:00', 3, '2026-02-18 16:54:00', 'Resolved'),
(292, 'Hardware Issue', 'Medium', 2, 5, '2026-02-09 10:55:00', 4, '2026-02-09 10:55:00', 'Cancelled'),
(293, 'Access Request', 'Low', 5, 13, '2026-02-10 10:16:00', 4, '2026-02-16 11:28:00', 'Resolved'),
(294, 'Software Issue', 'Urgent', 1, 3, '2026-02-11 11:23:00', 1, '2026-02-12 11:23:00', 'Cancelled'),
(295, 'Software Issue', 'Low', 1, 2, '2026-02-09 11:02:00', 5, '2026-02-09 11:02:00', 'Cancelled'),
(296, 'Hardware Issue', 'Medium', 2, 4, '2026-02-10 17:57:00', 4, '2026-02-12 17:57:00', 'Cancelled'),
(297, 'Network Issue', 'Medium', 4, 12, '2026-02-09 17:45:00', 3, '2026-02-16 14:48:00', 'Resolved'),
(298, 'Network Issue', 'Medium', 4, 11, '2026-02-12 09:12:00', 3, '2026-02-17 10:30:00', 'Resolved'),
(299, 'Access Request', 'Medium', 5, 13, '2026-02-13 14:23:00', 2, '2026-02-17 11:28:00', 'Resolved'),
(300, 'Account Setup', 'Medium', 5, 13, '2026-02-11 12:51:00', 3, '2026-02-13 09:10:00', 'Resolved'),
(301, 'Network Issue', 'Low', 1, 2, '2026-02-10 12:04:00', 5, '2026-02-11 12:04:00', 'Cancelled'),
(302, 'Network Issue', 'Medium', 1, 2, '2026-02-09 16:06:00', 3, '2026-02-11 16:21:00', 'Resolved'),
(303, 'Software Issue', 'Medium', 3, 6, '2026-02-10 14:52:00', 3, '2026-02-12 14:14:00', 'Resolved'),
(304, 'Hardware Issue', 'Medium', 1, 3, '2026-02-09 09:11:00', 4, '2026-02-13 11:17:00', 'Resolved'),
(305, 'Network Issue', 'High', 4, 9, '2026-02-10 15:26:00', 2, '2026-02-17 14:51:00', 'Resolved'),
(306, 'Access Request', 'Low', 5, 14, '2026-02-13 11:16:00', 4, '2026-02-16 11:16:00', 'Cancelled'),
(307, 'Account Setup', 'High', 5, 13, '2026-02-11 16:07:00', 2, '2026-02-12 17:30:00', 'Resolved'),
(308, 'Account Setup', 'Medium', 5, 13, '2026-02-10 13:07:00', 3, '2026-02-13 13:15:00', 'Resolved'),
(309, 'Hardware Issue', 'Low', 2, 5, '2026-02-10 12:06:00', 6, '2026-02-17 13:09:00', 'Resolved'),
(310, 'Access Request', 'Medium', 1, 2, '2026-02-13 09:28:00', 2, '2026-02-14 09:28:00', 'Cancelled'),
(311, 'Network Issue', 'Low', 4, 11, '2026-02-10 16:00:00', 5, '2026-02-23 09:58:00', 'Resolved'),
(312, 'Hardware Issue', 'Low', 2, 4, '2026-02-11 15:13:00', 6, '2026-02-23 17:49:00', 'Resolved'),
(313, 'Hardware Issue', 'Medium', 2, 4, '2026-02-13 12:45:00', 4, '2026-02-19 13:11:00', 'Resolved'),
(314, 'Access Request', 'Medium', 5, 13, '2026-02-12 12:08:00', 2, '2026-02-13 09:04:00', 'Resolved'),
(315, 'Hardware Issue', 'High', 1, 1, '2026-02-09 17:26:00', 2, '2026-02-11 14:18:00', 'Resolved'),
(316, 'Software Issue', 'Low', 3, 7, '2026-02-10 16:05:00', 5, '2026-02-25 13:15:00', 'Resolved'),
(317, 'Hardware Issue', 'Low', 1, 2, '2026-02-10 11:36:00', 6, '2026-02-26 14:36:00', 'Resolved'),
(318, 'Software Issue', 'Medium', 3, 8, '2026-02-09 18:54:00', 3, '2026-02-11 10:22:00', 'Resolved'),
(319, 'Account Setup', 'Medium', 1, 2, '2026-02-10 12:52:00', 3, '2026-02-13 18:48:00', 'Resolved'),
(320, 'Hardware Issue', 'Low', 1, 3, '2026-02-10 09:18:00', 6, '2026-02-17 17:51:00', 'Resolved'),
(321, 'Software Issue', 'Low', 3, 6, '2026-02-12 17:08:00', 5, '2026-02-23 11:06:00', 'Resolved'),
(322, 'Access Request', 'Low', 5, 13, '2026-02-11 13:16:00', 4, '2026-02-25 12:16:00', 'Resolved'),
(323, 'Access Request', 'Medium', 5, 14, '2026-02-09 09:53:00', 2, '2026-02-11 10:22:00', 'Resolved'),
(324, 'Access Request', 'High', 5, 14, '2026-02-11 10:45:00', 1, '2026-02-18 18:32:00', 'Resolved'),
(325, 'Account Setup', 'High', 5, 14, '2026-02-13 13:07:00', 2, '2026-02-16 12:09:00', 'Resolved'),
(326, 'Software Issue', 'High', 1, 1, '2026-02-09 18:29:00', 2, '2026-02-10 15:44:00', 'Resolved'),
(327, 'Network Issue', 'Low', 1, 3, '2026-02-11 15:38:00', 5, '2026-02-19 14:21:00', 'Resolved'),
(328, 'Software Issue', 'Low', 1, 3, '2026-02-12 15:15:00', 5, '2026-02-19 15:54:00', 'Resolved'),
(329, 'Network Issue', 'Medium', 4, 10, '2026-02-09 17:03:00', 3, '2026-02-12 12:55:00', 'Resolved'),
(330, 'Software Issue', 'High', 3, 7, '2026-02-11 15:42:00', 2, '2026-02-17 10:20:00', 'Resolved'),
(331, 'Hardware Issue', 'Medium', 2, 4, '2026-02-09 15:12:00', 4, '2026-02-19 15:49:00', 'Resolved'),
(332, 'Hardware Issue', 'Medium', 2, 4, '2026-02-12 16:40:00', 4, '2026-02-12 16:40:00', 'Cancelled'),
(333, 'Access Request', 'Low', 1, 3, '2026-02-10 18:17:00', 4, '2026-02-13 18:06:00', 'Resolved'),
(334, 'Software Issue', 'Low', 3, 7, '2026-02-11 13:07:00', 5, '2026-02-19 13:07:00', 'Resolved'),
(335, 'Account Setup', 'High', 5, 13, '2026-02-13 13:22:00', 2, '2026-02-24 13:05:00', 'Resolved'),
(336, 'Software Issue', 'Low', 3, 6, '2026-02-13 16:37:00', 5, '2026-02-19 13:58:00', 'Resolved'),
(337, 'Hardware Issue', 'Low', 2, 4, '2026-02-09 15:36:00', 6, '2026-02-17 16:39:00', 'Resolved'),
(338, 'Network Issue', 'Low', 4, 12, '2026-02-18 12:35:00', 5, '2026-02-25 18:30:00', 'Resolved'),
(339, 'Hardware Issue', 'Medium', 2, 4, '2026-02-19 16:52:00', 4, '2026-02-24 17:34:00', 'Resolved'),
(340, 'Software Issue', 'Low', 3, 7, '2026-02-20 15:37:00', 5, '2026-03-03 14:35:00', 'Resolved'),
(341, 'Account Setup', 'High', 5, 13, '2026-02-19 14:31:00', 2, '2026-02-20 11:35:00', 'Resolved'),
(342, 'Hardware Issue', 'Urgent', 1, 2, '2026-02-18 10:38:00', 1, '2026-02-19 17:24:00', 'Resolved'),
(343, 'Hardware Issue', 'Medium', 1, 1, '2026-02-19 16:22:00', 4, '2026-02-24 15:21:00', 'Resolved'),
(344, 'Software Issue', 'Low', 3, 8, '2026-02-16 14:08:00', 5, '2026-02-23 17:06:00', 'Resolved'),
(345, 'Account Setup', 'Medium', 1, 3, '2026-02-19 16:17:00', 3, '2026-02-23 15:55:00', 'Resolved'),
(346, 'Network Issue', 'High', 4, 9, '2026-02-16 10:00:00', 2, '2026-02-17 15:54:00', 'Resolved'),
(347, 'Software Issue', 'Medium', 3, 6, '2026-02-16 13:55:00', 3, '2026-02-19 16:18:00', 'Resolved'),
(348, 'Hardware Issue', 'High', 2, 5, '2026-02-18 14:18:00', 2, '2026-02-19 16:24:00', 'Resolved'),
(349, 'Hardware Issue', 'Medium', 2, 5, '2026-02-18 16:19:00', 4, '2026-02-24 18:24:00', 'Resolved'),
(350, 'Hardware Issue', 'Low', 2, 5, '2026-02-19 18:14:00', 6, '2026-02-26 14:13:00', 'Resolved'),
(351, 'Access Request', 'Medium', 1, 1, '2026-02-16 15:57:00', 2, '2026-02-23 18:57:00', 'Resolved'),
(352, 'Hardware Issue', 'Medium', 1, 2, '2026-02-16 16:19:00', 4, '2026-02-20 17:52:00', 'Resolved'),
(353, 'Software Issue', 'Medium', 3, 7, '2026-02-16 17:46:00', 3, '2026-02-18 18:43:00', 'Resolved'),
(354, 'Network Issue', 'Medium', 1, 3, '2026-02-16 14:28:00', 3, '2026-02-23 10:26:00', 'Resolved'),
(355, 'Hardware Issue', 'High', 2, 4, '2026-02-20 14:32:00', 2, '2026-02-24 16:25:00', 'Resolved'),
(356, 'Software Issue', 'Low', 3, 8, '2026-02-19 16:49:00', 5, '2026-02-25 11:23:00', 'Resolved'),
(357, 'Network Issue', 'High', 1, 2, '2026-02-20 14:23:00', 2, '2026-02-23 13:44:00', 'Resolved'),
(358, 'Software Issue', 'Low', 1, 3, '2026-02-18 14:52:00', 5, '2026-02-25 11:33:00', 'Resolved'),
(359, 'Software Issue', 'Low', 3, 8, '2026-02-18 13:52:00', 5, '2026-02-25 11:03:00', 'Resolved'),
(360, 'Network Issue', 'Low', 4, 9, '2026-02-16 18:38:00', 5, '2026-02-20 09:19:00', 'Resolved'),
(361, 'Account Setup', 'Medium', 1, 2, '2026-02-18 17:00:00', 3, '2026-02-20 09:12:00', 'Resolved'),
(362, 'Network Issue', 'Medium', 4, 11, '2026-02-17 11:31:00', 3, '2026-02-19 18:12:00', 'Resolved'),
(363, 'Network Issue', 'Medium', 4, 10, '2026-02-16 15:38:00', 3, '2026-02-18 09:06:00', 'Resolved'),
(364, 'Hardware Issue', 'Medium', 1, 2, '2026-02-17 10:10:00', 4, '2026-02-23 09:41:00', 'Resolved'),
(365, 'Hardware Issue', 'Medium', 1, 2, '2026-02-19 09:43:00', 4, '2026-02-24 14:17:00', 'Resolved'),
(366, 'Account Setup', 'Medium', 5, 13, '2026-02-20 11:02:00', 3, '2026-02-24 14:12:00', 'Resolved'),
(367, 'Software Issue', 'Urgent', 3, 6, '2026-02-18 16:39:00', 1, '2026-02-25 18:48:00', 'Resolved'),
(368, 'Network Issue', 'Medium', 4, 10, '2026-02-20 09:28:00', 3, '2026-02-26 11:59:00', 'Resolved'),
(369, 'Access Request', 'Medium', 5, 13, '2026-02-16 18:54:00', 2, '2026-02-18 13:26:00', 'Resolved'),
(370, 'Software Issue', 'Low', 1, 2, '2026-02-16 18:16:00', 5, '2026-02-20 12:43:00', 'Resolved'),
(371, 'Network Issue', 'Medium', 4, 10, '2026-02-16 15:43:00', 3, '2026-02-19 16:01:00', 'Resolved'),
(372, 'Hardware Issue', 'High', 2, 5, '2026-02-19 12:05:00', 2, '2026-02-20 13:25:00', 'Resolved'),
(373, 'Software Issue', 'Medium', 3, 8, '2026-02-16 17:23:00', 3, '2026-02-19 15:41:00', 'Resolved'),
(374, 'Network Issue', 'Low', 4, 11, '2026-02-16 10:07:00', 5, '2026-02-23 12:29:00', 'Resolved'),
(375, 'Network Issue', 'Medium', 4, 9, '2026-02-17 13:22:00', 3, '2026-02-23 14:51:00', 'Resolved'),
(376, 'Software Issue', 'High', 1, 1, '2026-02-20 11:15:00', 2, '2026-02-23 17:28:00', 'Resolved'),
(377, 'Network Issue', 'High', 4, 10, '2026-02-18 16:53:00', 2, '2026-02-25 12:46:00', 'Resolved'),
(378, 'Network Issue', 'Low', 4, 10, '2026-02-17 15:24:00', 5, '2026-03-02 17:13:00', 'Resolved'),
(379, 'Hardware Issue', 'Medium', 2, 4, '2026-02-18 12:54:00', 4, '2026-02-24 18:57:00', 'Resolved'),
(380, 'Software Issue', 'Low', 1, 3, '2026-02-20 16:37:00', 5, '2026-02-26 11:55:00', 'Resolved'),
(381, 'Network Issue', 'Medium', 4, 11, '2026-02-20 10:43:00', 3, '2026-02-25 09:42:00', 'Resolved'),
(382, 'Hardware Issue', 'Medium', 2, 5, '2026-02-18 18:09:00', 4, '2026-02-23 12:20:00', 'Resolved'),
(383, 'Software Issue', 'High', 1, 1, '2026-02-17 12:42:00', 2, '2026-02-19 17:48:00', 'Resolved'),
(384, 'Network Issue', 'Medium', 4, 11, '2026-02-17 13:12:00', 3, '2026-02-25 11:52:00', 'Resolved'),
(385, 'Hardware Issue', 'Urgent', 2, 5, '2026-02-20 15:18:00', 1, '2026-02-21 15:18:00', 'Cancelled'),
(386, 'Account Setup', 'Medium', 5, 14, '2026-02-17 13:11:00', 3, '2026-02-19 16:15:00', 'Resolved'),
(387, 'Network Issue', 'Low', 1, 1, '2026-02-17 15:22:00', 5, '2026-02-23 13:58:00', 'Resolved'),
(388, 'Hardware Issue', 'Medium', 2, 4, '2026-02-17 18:46:00', 4, '2026-02-20 15:12:00', 'Resolved'),
(389, 'Network Issue', 'Low', 4, 9, '2026-02-18 13:09:00', 5, '2026-02-24 18:53:00', 'Resolved'),
(390, 'Hardware Issue', 'High', 2, 5, '2026-02-20 12:36:00', 2, '2026-02-23 12:36:00', 'Cancelled'),
(391, 'Access Request', 'Medium', 1, 1, '2026-02-19 18:22:00', 2, '2026-02-21 18:22:00', 'Cancelled'),
(392, 'Hardware Issue', 'Medium', 1, 3, '2026-02-19 09:56:00', 4, '2026-02-24 10:02:00', 'Resolved'),
(393, 'Hardware Issue', 'Medium', 1, 2, '2026-02-17 14:13:00', 4, '2026-02-17 14:13:00', 'Cancelled'),
(394, 'Access Request', 'Urgent', 5, 13, '2026-02-17 15:44:00', 1, '2026-02-19 15:44:00', 'Cancelled'),
(395, 'Software Issue', 'Low', 3, 7, '2026-02-19 17:05:00', 5, '2026-02-26 17:47:00', 'Resolved'),
(396, 'Access Request', 'Low', 5, 13, '2026-02-16 16:32:00', 4, '2026-02-19 16:48:00', 'Resolved'),
(397, 'Software Issue', 'Medium', 3, 8, '2026-02-25 11:49:00', 3, '2026-03-03 11:22:00', 'Resolved'),
(398, 'Network Issue', 'Medium', 4, 11, '2026-02-26 14:26:00', 3, '2026-02-27 14:26:00', 'Cancelled'),
(399, 'Software Issue', 'Medium', 1, 3, '2026-02-25 11:43:00', 3, '2026-02-28 11:43:00', 'Cancelled'),
(400, 'Software Issue', 'Medium', 3, 8, '2026-02-25 12:45:00', 3, '2026-02-27 14:44:00', 'Resolved');

INSERT INTO tickets (ticket_id, ticket_type, priority, team_id, agent_id, submitted_date, sla_target_days, resolved_date, status) VALUES
(401, 'Software Issue', 'Low', 1, 1, '2026-02-23 13:08:00', 5, '2026-02-27 14:40:00', 'Resolved'),
(402, 'Access Request', 'High', 5, 13, '2026-02-23 10:35:00', 1, '2026-02-24 11:38:00', 'Resolved'),
(403, 'Hardware Issue', 'Urgent', 1, 1, '2026-02-23 16:53:00', 1, '2026-02-27 09:23:00', 'Resolved'),
(404, 'Access Request', 'Low', 5, 14, '2026-02-23 16:13:00', 4, '2026-02-26 13:28:00', 'Resolved'),
(405, 'Account Setup', 'Medium', 5, 14, '2026-02-24 10:10:00', 3, '2026-02-27 11:35:00', 'Resolved'),
(406, 'Access Request', 'Medium', 5, 14, '2026-02-24 10:02:00', 2, '2026-03-06 14:47:00', 'Resolved'),
(407, 'Hardware Issue', 'Medium', 2, 5, '2026-02-24 18:16:00', 4, '2026-03-02 12:50:00', 'Resolved'),
(408, 'Software Issue', 'Medium', 3, 6, '2026-02-27 17:20:00', 3, '2026-03-04 12:05:00', 'Resolved'),
(409, 'Hardware Issue', 'Low', 2, 5, '2026-02-25 11:47:00', 6, '2026-02-26 11:47:00', 'Cancelled'),
(410, 'Network Issue', 'Urgent', 4, 10, '2026-02-25 13:23:00', 1, '2026-03-06 13:47:00', 'Resolved'),
(411, 'Hardware Issue', 'Medium', 2, 5, '2026-02-26 18:20:00', 4, '2026-03-04 11:35:00', 'Resolved'),
(412, 'Software Issue', 'Urgent', 1, 1, '2026-02-23 14:53:00', 1, '2026-02-23 14:53:00', 'Cancelled'),
(413, 'Software Issue', 'Medium', 3, 8, '2026-02-23 09:06:00', 3, '2026-02-26 09:13:00', 'Resolved'),
(414, 'Hardware Issue', 'High', 2, 4, '2026-02-27 16:27:00', 2, '2026-03-02 11:44:00', 'Resolved'),
(415, 'Software Issue', 'High', 3, 8, '2026-02-26 12:10:00', 2, '2026-02-27 09:54:00', 'Resolved'),
(416, 'Access Request', 'Medium', 5, 14, '2026-02-26 16:30:00', 2, '2026-03-09 17:27:00', 'Resolved'),
(417, 'Network Issue', 'Medium', 4, 9, '2026-02-23 11:18:00', 3, '2026-02-26 11:18:00', 'Cancelled'),
(418, 'Hardware Issue', 'Medium', 2, 4, '2026-02-23 14:04:00', 4, '2026-02-26 15:18:00', 'Resolved'),
(419, 'Network Issue', 'Urgent', 1, 3, '2026-02-23 09:28:00', 1, '2026-02-24 12:30:00', 'Resolved'),
(420, 'Software Issue', 'High', 3, 7, '2026-02-23 10:34:00', 2, '2026-02-24 15:38:00', 'Resolved'),
(421, 'Software Issue', 'Low', 1, 1, '2026-02-23 18:05:00', 5, '2026-03-02 18:42:00', 'Resolved'),
(422, 'Software Issue', 'High', 3, 7, '2026-02-24 13:36:00', 2, '2026-02-25 13:55:00', 'Resolved'),
(423, 'Software Issue', 'Medium', 1, 1, '2026-02-24 14:33:00', 3, '2026-02-26 16:44:00', 'Resolved'),
(424, 'Hardware Issue', 'Medium', 2, 5, '2026-02-23 10:09:00', 4, '2026-02-26 10:09:00', 'Cancelled'),
(425, 'Access Request', 'Medium', 5, 14, '2026-02-25 14:33:00', 2, '2026-02-26 12:11:00', 'Resolved'),
(426, 'Access Request', 'Medium', 5, 13, '2026-02-27 12:35:00', 2, '2026-03-03 10:12:00', 'Resolved'),
(427, 'Hardware Issue', 'High', 2, 5, '2026-02-26 17:42:00', 2, '2026-03-06 12:34:00', 'Resolved'),
(428, 'Software Issue', 'Low', 3, 8, '2026-02-24 18:44:00', 5, '2026-02-24 18:44:00', 'Cancelled'),
(429, 'Software Issue', 'Medium', 3, 7, '2026-02-26 15:43:00', 3, '2026-03-10 17:32:00', 'Resolved'),
(430, 'Hardware Issue', 'Low', 1, 3, '2026-02-25 10:40:00', 6, '2026-02-25 10:40:00', 'Cancelled'),
(431, 'Hardware Issue', 'Medium', 2, 4, '2026-02-24 16:53:00', 4, '2026-02-27 18:30:00', 'Resolved'),
(432, 'Account Setup', 'Medium', 5, 13, '2026-02-23 10:08:00', 3, '2026-02-25 14:02:00', 'Resolved'),
(433, 'Access Request', 'High', 5, 13, '2026-02-25 09:44:00', 1, '2026-02-28 09:44:00', 'Cancelled'),
(434, 'Software Issue', 'Medium', 1, 2, '2026-02-26 13:07:00', 3, '2026-03-02 18:55:00', 'Resolved'),
(435, 'Hardware Issue', 'Low', 2, 5, '2026-02-23 12:36:00', 6, '2026-03-11 14:51:00', 'Resolved'),
(436, 'Software Issue', 'Medium', 3, 6, '2026-02-23 09:52:00', 3, '2026-02-26 16:02:00', 'Resolved'),
(437, 'Account Setup', 'Medium', 5, 14, '2026-02-24 18:22:00', 3, '2026-02-26 09:59:00', 'Resolved'),
(438, 'Access Request', 'Medium', 5, 14, '2026-02-26 12:16:00', 2, '2026-03-09 16:07:00', 'Resolved'),
(439, 'Network Issue', 'Low', 4, 11, '2026-02-25 09:31:00', 5, '2026-03-11 13:55:00', 'Resolved'),
(440, 'Software Issue', 'Low', 3, 7, '2026-02-27 15:53:00', 5, '2026-03-06 16:00:00', 'Resolved'),
(441, 'Network Issue', 'Medium', 1, 2, '2026-02-23 09:21:00', 3, '2026-02-25 09:04:00', 'Resolved'),
(442, 'Network Issue', 'Low', 1, 3, '2026-02-24 11:39:00', 5, '2026-02-27 11:39:00', 'Cancelled'),
(443, 'Software Issue', 'Medium', 3, 7, '2026-02-23 16:10:00', 3, '2026-02-25 14:21:00', 'Resolved'),
(444, 'Software Issue', 'Low', 3, 6, '2026-02-25 17:13:00', 5, '2026-02-25 17:13:00', 'Cancelled'),
(445, 'Access Request', 'High', 1, 3, '2026-02-23 12:10:00', 1, '2026-02-24 18:29:00', 'Resolved'),
(446, 'Hardware Issue', 'Urgent', 2, 4, '2026-02-23 15:59:00', 1, '2026-02-24 16:21:00', 'Resolved'),
(447, 'Access Request', 'Low', 5, 13, '2026-02-24 12:01:00', 4, '2026-02-27 13:24:00', 'Resolved'),
(448, 'Account Setup', 'Medium', 5, 14, '2026-02-25 13:04:00', 3, '2026-02-27 13:04:00', 'Cancelled'),
(449, 'Account Setup', 'High', 5, 13, '2026-02-26 18:36:00', 2, '2026-02-26 18:36:00', 'Cancelled'),
(450, 'Software Issue', 'Medium', 1, 1, '2026-02-25 17:57:00', 3, '2026-02-27 14:50:00', 'Resolved'),
(451, 'Software Issue', 'High', 1, 1, '2026-02-23 13:50:00', 2, '2026-02-25 14:47:00', 'Resolved'),
(452, 'Access Request', 'Medium', 1, 1, '2026-02-23 14:32:00', 2, '2026-02-25 14:32:00', 'Cancelled'),
(453, 'Network Issue', 'High', 4, 9, '2026-02-23 17:45:00', 2, '2026-02-25 16:32:00', 'Resolved'),
(454, 'Hardware Issue', 'Medium', 2, 4, '2026-02-25 14:57:00', 4, '2026-02-27 14:57:00', 'Cancelled'),
(455, 'Hardware Issue', 'Medium', 2, 5, '2026-02-24 11:08:00', 4, '2026-03-02 18:49:00', 'Resolved'),
(456, 'Hardware Issue', 'High', 2, 4, '2026-02-25 13:59:00', 2, '2026-03-09 13:16:00', 'Resolved'),
(457, 'Hardware Issue', 'Low', 2, 5, '2026-02-23 18:35:00', 6, '2026-03-05 18:59:00', 'Resolved'),
(458, 'Software Issue', 'High', 3, 8, '2026-02-27 10:37:00', 2, '2026-03-03 14:49:00', 'Resolved'),
(459, 'Hardware Issue', 'High', 1, 1, '2026-02-26 15:46:00', 2, '2026-03-02 11:17:00', 'Resolved'),
(460, 'Access Request', 'Medium', 5, 13, '2026-02-23 13:34:00', 2, '2026-02-25 13:34:00', 'Cancelled'),
(461, 'Network Issue', 'Medium', 4, 9, '2026-02-24 12:45:00', 3, '2026-02-26 18:18:00', 'Resolved'),
(462, 'Network Issue', 'Medium', 4, 10, '2026-02-23 17:41:00', 3, '2026-02-25 18:03:00', 'Resolved'),
(463, 'Hardware Issue', 'Low', 1, 3, '2026-02-25 10:04:00', 6, '2026-03-04 09:12:00', 'Resolved'),
(464, 'Software Issue', 'Medium', 3, 6, '2026-02-25 13:34:00', 3, '2026-02-27 12:20:00', 'Resolved'),
(465, 'Software Issue', 'Low', 1, 3, '2026-02-24 14:55:00', 5, '2026-02-27 14:55:00', 'Cancelled'),
(466, 'Hardware Issue', 'High', 2, 5, '2026-02-25 15:39:00', 2, '2026-03-05 09:05:00', 'Resolved'),
(467, 'Network Issue', 'High', 4, 12, '2026-02-24 18:21:00', 2, '2026-02-26 18:21:00', 'Cancelled'),
(468, 'Account Setup', 'Low', 5, 14, '2026-02-24 16:55:00', 5, '2026-03-03 09:26:00', 'Resolved'),
(469, 'Software Issue', 'High', 1, 2, '2026-02-25 18:45:00', 2, '2026-02-26 11:13:00', 'Resolved'),
(470, 'Hardware Issue', 'Medium', 1, 1, '2026-02-25 11:33:00', 4, '2026-03-03 15:22:00', 'Resolved'),
(471, 'Account Setup', 'Low', 1, 3, '2026-03-03 11:42:00', 5, '2026-03-10 16:48:00', 'Resolved'),
(472, 'Account Setup', 'Medium', 5, 14, '2026-03-04 09:49:00', 3, '2026-03-09 17:33:00', 'Resolved'),
(473, 'Network Issue', 'Low', 4, 12, '2026-03-06 13:08:00', 5, '2026-03-18 11:40:00', 'Resolved'),
(474, 'Software Issue', 'Medium', 1, 1, '2026-03-06 12:25:00', 3, '2026-03-10 10:03:00', 'Resolved'),
(475, 'Access Request', 'Low', 5, 13, '2026-03-03 17:32:00', 4, '2026-03-05 17:32:00', 'Cancelled'),
(476, 'Hardware Issue', 'High', 1, 1, '2026-03-04 18:23:00', 2, '2026-03-05 17:01:00', 'Resolved'),
(477, 'Access Request', 'Low', 5, 14, '2026-03-02 14:49:00', 4, '2026-03-06 12:40:00', 'Resolved'),
(478, 'Access Request', 'High', 1, 2, '2026-03-04 14:57:00', 1, '2026-03-05 09:06:00', 'Resolved'),
(479, 'Network Issue', 'High', 1, 2, '2026-03-04 09:04:00', 2, '2026-03-06 09:14:00', 'Resolved'),
(480, 'Network Issue', 'Medium', 4, 12, '2026-03-03 18:24:00', 3, '2026-03-05 09:16:00', 'Resolved'),
(481, 'Account Setup', 'Medium', 5, 13, '2026-03-02 09:16:00', 3, '2026-03-04 14:48:00', 'Resolved'),
(482, 'Hardware Issue', 'Medium', 2, 5, '2026-03-02 15:41:00', 4, '2026-03-13 11:30:00', 'Resolved'),
(483, 'Software Issue', 'High', 3, 7, '2026-03-03 13:48:00', 2, '2026-03-05 13:48:00', 'Cancelled'),
(484, 'Software Issue', 'Low', 3, 6, '2026-03-04 10:21:00', 5, '2026-03-19 18:38:00', 'Resolved'),
(485, 'Access Request', 'High', 5, 13, '2026-03-02 16:13:00', 1, '2026-03-03 14:02:00', 'Resolved'),
(486, 'Software Issue', 'Medium', 3, 6, '2026-03-06 16:11:00', 3, '2026-03-11 09:51:00', 'Resolved'),
(487, 'Access Request', 'Low', 1, 1, '2026-03-03 10:09:00', 4, '2026-03-09 11:32:00', 'Resolved'),
(488, 'Hardware Issue', 'Medium', 1, 2, '2026-03-05 14:06:00', 4, '2026-03-10 15:21:00', 'Resolved'),
(489, 'Access Request', 'Low', 5, 13, '2026-03-02 15:56:00', 4, '2026-03-05 09:02:00', 'Resolved'),
(490, 'Access Request', 'Low', 5, 14, '2026-03-04 11:32:00', 4, '2026-03-09 09:57:00', 'Resolved'),
(491, 'Network Issue', 'Low', 1, 1, '2026-03-06 14:04:00', 5, '2026-03-12 17:27:00', 'Resolved'),
(492, 'Account Setup', 'Low', 5, 13, '2026-03-04 09:11:00', 5, '2026-03-04 09:11:00', 'Cancelled'),
(493, 'Access Request', 'Medium', 1, 1, '2026-03-02 17:22:00', 2, '2026-03-03 12:46:00', 'Resolved'),
(494, 'Software Issue', 'Low', 1, 1, '2026-03-06 10:17:00', 5, '2026-03-08 10:17:00', 'Cancelled'),
(495, 'Software Issue', 'Medium', 1, 1, '2026-03-04 13:04:00', 3, '2026-03-04 13:04:00', 'Cancelled'),
(496, 'Software Issue', 'Medium', 3, 7, '2026-03-04 15:50:00', 3, '2026-03-12 09:41:00', 'Resolved'),
(497, 'Network Issue', 'Medium', 4, 11, '2026-03-03 16:34:00', 3, '2026-03-06 15:27:00', 'Resolved'),
(498, 'Hardware Issue', 'Medium', 2, 4, '2026-03-02 14:34:00', 4, '2026-03-06 15:51:00', 'Resolved'),
(499, 'Software Issue', 'High', 1, 1, '2026-03-05 11:57:00', 2, '2026-03-06 11:57:00', 'Cancelled'),
(500, 'Hardware Issue', 'High', 1, 2, '2026-03-02 18:32:00', 2, '2026-03-04 12:52:00', 'Resolved'),
(501, 'Software Issue', 'High', 3, 8, '2026-03-02 12:42:00', 2, '2026-03-03 15:44:00', 'Resolved'),
(502, 'Software Issue', 'Medium', 3, 7, '2026-03-05 17:20:00', 3, '2026-03-10 16:36:00', 'Resolved'),
(503, 'Hardware Issue', 'Medium', 1, 2, '2026-03-04 09:30:00', 4, '2026-03-06 09:30:00', 'Cancelled'),
(504, 'Access Request', 'Medium', 1, 1, '2026-03-04 18:34:00', 2, '2026-03-06 14:45:00', 'Resolved'),
(505, 'Software Issue', 'Medium', 1, 2, '2026-03-05 10:25:00', 3, '2026-03-10 10:40:00', 'Resolved'),
(506, 'Hardware Issue', 'Medium', 2, 5, '2026-03-02 17:42:00', 4, '2026-03-04 17:42:00', 'Cancelled'),
(507, 'Software Issue', 'High', 1, 3, '2026-03-03 16:54:00', 2, '2026-03-04 11:04:00', 'Resolved'),
(508, 'Network Issue', 'Medium', 4, 10, '2026-03-05 17:23:00', 3, '2026-03-07 17:23:00', 'Cancelled'),
(509, 'Software Issue', 'High', 3, 8, '2026-03-06 12:43:00', 2, '2026-03-09 14:24:00', 'Resolved'),
(510, 'Hardware Issue', 'Medium', 1, 2, '2026-03-02 14:53:00', 4, '2026-03-05 13:24:00', 'Resolved'),
(511, 'Account Setup', 'Medium', 5, 14, '2026-03-04 10:23:00', 3, '2026-03-06 13:25:00', 'Resolved'),
(512, 'Account Setup', 'Low', 5, 14, '2026-03-04 13:28:00', 5, '2026-03-10 17:09:00', 'Resolved'),
(513, 'Access Request', 'Low', 5, 14, '2026-03-02 09:43:00', 4, '2026-03-03 09:43:00', 'Cancelled'),
(514, 'Access Request', 'Medium', 5, 14, '2026-03-03 18:23:00', 2, '2026-03-04 09:36:00', 'Resolved'),
(515, 'Network Issue', 'Low', 4, 11, '2026-03-02 13:03:00', 5, '2026-03-09 14:16:00', 'Resolved'),
(516, 'Account Setup', 'Low', 1, 1, '2026-03-02 12:16:00', 5, '2026-03-05 12:16:00', 'Cancelled'),
(517, 'Account Setup', 'High', 5, 14, '2026-03-03 10:12:00', 2, '2026-03-05 09:45:00', 'Resolved'),
(518, 'Hardware Issue', 'Medium', 2, 5, '2026-03-05 16:24:00', 4, '2026-03-11 18:51:00', 'Resolved'),
(519, 'Hardware Issue', 'High', 2, 4, '2026-03-02 13:22:00', 2, '2026-03-03 18:23:00', 'Resolved'),
(520, 'Hardware Issue', 'Low', 2, 4, '2026-03-06 10:42:00', 6, '2026-03-20 15:25:00', 'Resolved'),
(521, 'Access Request', 'High', 5, 13, '2026-03-05 17:26:00', 1, '2026-03-13 16:59:00', 'Resolved'),
(522, 'Software Issue', 'Medium', 1, 2, '2026-03-02 16:44:00', 3, '2026-03-04 10:28:00', 'Resolved'),
(523, 'Hardware Issue', 'Low', 2, 4, '2026-03-03 15:31:00', 6, '2026-03-10 15:34:00', 'Resolved'),
(524, 'Software Issue', 'Urgent', 3, 8, '2026-03-03 09:59:00', 1, '2026-03-04 15:49:00', 'Resolved'),
(525, 'Hardware Issue', 'Medium', 2, 4, '2026-03-04 16:07:00', 4, '2026-03-04 16:07:00', 'Cancelled'),
(526, 'Hardware Issue', 'Urgent', 2, 4, '2026-03-02 10:31:00', 1, '2026-03-03 09:52:00', 'Resolved'),
(527, 'Access Request', 'Medium', 5, 14, '2026-03-09 09:35:00', 2, '2026-03-10 15:52:00', 'Resolved'),
(528, 'Access Request', 'Medium', 5, 14, '2026-03-09 09:55:00', 2, '2026-03-10 11:34:00', 'Resolved'),
(529, 'Access Request', 'Low', 5, 14, '2026-03-09 13:33:00', 4, '2026-03-13 17:25:00', 'Resolved'),
(530, 'Network Issue', 'Medium', 4, 9, '2026-03-12 17:56:00', 3, '2026-03-19 15:51:00', 'Resolved'),
(531, 'Account Setup', 'Medium', 5, 14, '2026-03-13 15:54:00', 3, '2026-03-19 12:34:00', 'Resolved'),
(532, 'Software Issue', 'Medium', 3, 7, '2026-03-10 14:59:00', 3, '2026-03-12 14:59:00', 'Resolved'),
(533, 'Software Issue', 'Medium', 3, 8, '2026-03-10 14:12:00', 3, '2026-03-12 14:00:00', 'Resolved'),
(534, 'Access Request', 'Medium', 5, 14, '2026-03-13 17:04:00', 2, '2026-03-19 16:18:00', 'Resolved'),
(535, 'Account Setup', 'Low', 5, 14, '2026-03-13 12:45:00', 5, '2026-03-20 12:56:00', 'Resolved'),
(536, 'Software Issue', 'Medium', 3, 8, '2026-03-12 12:03:00', 3, '2026-03-19 10:52:00', 'Resolved'),
(537, 'Software Issue', 'Medium', 3, 8, '2026-03-10 18:31:00', 3, '2026-03-11 18:31:00', 'Cancelled'),
(538, 'Hardware Issue', 'Urgent', 2, 5, '2026-03-11 16:14:00', 1, '2026-03-12 16:14:00', 'Cancelled'),
(539, 'Access Request', 'High', 5, 13, '2026-03-13 17:53:00', 1, '2026-03-16 16:06:00', 'Resolved'),
(540, 'Software Issue', 'Medium', 3, 6, '2026-03-10 12:50:00', 3, '2026-03-13 16:43:00', 'Resolved'),
(541, 'Access Request', 'High', 1, 3, '2026-03-11 15:09:00', 1, '2026-03-12 11:53:00', 'Resolved'),
(542, 'Software Issue', 'Low', 1, 3, '2026-03-12 16:18:00', 5, '2026-03-18 13:58:00', 'Resolved'),
(543, 'Access Request', 'Low', 5, 13, '2026-03-09 13:20:00', 4, '2026-03-23 12:25:00', 'Resolved'),
(544, 'Software Issue', 'Low', 3, 8, '2026-03-10 09:20:00', 5, '2026-03-25 17:44:00', 'Resolved'),
(545, 'Software Issue', 'Medium', 3, 8, '2026-03-09 10:12:00', 3, '2026-03-17 15:07:00', 'Resolved'),
(546, 'Access Request', 'Low', 5, 13, '2026-03-10 09:53:00', 4, '2026-03-13 13:31:00', 'Resolved'),
(547, 'Software Issue', 'Low', 1, 2, '2026-03-10 14:01:00', 5, '2026-03-16 12:31:00', 'Resolved'),
(548, 'Software Issue', 'Low', 3, 8, '2026-03-09 13:55:00', 5, '2026-03-13 12:08:00', 'Resolved'),
(549, 'Account Setup', 'Medium', 1, 1, '2026-03-09 16:17:00', 3, '2026-03-12 09:37:00', 'Resolved'),
(550, 'Software Issue', 'Medium', 1, 2, '2026-03-12 18:06:00', 3, '2026-03-16 13:03:00', 'Resolved'),
(551, 'Hardware Issue', 'Low', 2, 5, '2026-03-09 11:21:00', 6, '2026-03-25 14:11:00', 'Resolved'),
(552, 'Hardware Issue', 'Medium', 1, 1, '2026-03-09 10:50:00', 4, '2026-03-12 10:50:00', 'Cancelled'),
(553, 'Access Request', 'Low', 5, 13, '2026-03-09 10:47:00', 4, '2026-03-13 09:02:00', 'Resolved'),
(554, 'Software Issue', 'High', 3, 7, '2026-03-10 09:32:00', 2, '2026-03-11 15:36:00', 'Resolved'),
(555, 'Network Issue', 'Medium', 4, 10, '2026-03-10 14:04:00', 3, '2026-03-23 10:21:00', 'Resolved'),
(556, 'Access Request', 'Low', 5, 14, '2026-03-11 09:53:00', 4, '2026-03-17 10:06:00', 'Resolved'),
(557, 'Network Issue', 'Medium', 4, 11, '2026-03-11 12:07:00', 3, '2026-03-13 14:29:00', 'Resolved'),
(558, 'Access Request', 'Medium', 5, 13, '2026-03-09 12:10:00', 2, '2026-03-11 12:10:00', 'Cancelled'),
(559, 'Hardware Issue', 'Medium', 2, 4, '2026-03-13 14:12:00', 4, '2026-03-18 17:32:00', 'Resolved'),
(560, 'Account Setup', 'Urgent', 5, 13, '2026-03-12 12:56:00', 1, '2026-03-13 16:50:00', 'Resolved'),
(561, 'Network Issue', 'High', 4, 10, '2026-03-10 18:13:00', 2, '2026-03-16 11:53:00', 'Resolved'),
(562, 'Access Request', 'Low', 5, 13, '2026-03-12 13:01:00', 4, '2026-03-14 13:01:00', 'Cancelled'),
(563, 'Hardware Issue', 'High', 2, 4, '2026-03-11 18:56:00', 2, '2026-03-20 17:45:00', 'Resolved'),
(564, 'Software Issue', 'Medium', 3, 8, '2026-03-11 09:52:00', 3, '2026-03-13 09:13:00', 'Resolved'),
(565, 'Access Request', 'Medium', 5, 14, '2026-03-09 18:49:00', 2, '2026-03-11 18:58:00', 'Resolved'),
(566, 'Software Issue', 'Low', 3, 7, '2026-03-09 11:00:00', 5, '2026-03-12 11:00:00', 'Cancelled'),
(567, 'Access Request', 'Medium', 1, 1, '2026-03-10 09:05:00', 2, '2026-03-11 11:51:00', 'Resolved'),
(568, 'Account Setup', 'High', 5, 13, '2026-03-11 14:49:00', 2, '2026-03-13 10:00:00', 'Resolved'),
(569, 'Network Issue', 'Medium', 4, 11, '2026-03-09 16:02:00', 3, '2026-03-11 12:55:00', 'Resolved'),
(570, 'Hardware Issue', 'Low', 2, 5, '2026-03-11 09:54:00', 6, '2026-03-27 14:37:00', 'Resolved'),
(571, 'Hardware Issue', 'Medium', 1, 3, '2026-03-12 11:51:00', 4, '2026-03-18 11:16:00', 'Resolved'),
(572, 'Hardware Issue', 'Low', 2, 5, '2026-03-10 13:57:00', 6, '2026-03-11 13:57:00', 'Cancelled'),
(573, 'Software Issue', 'Medium', 1, 3, '2026-03-09 15:24:00', 3, '2026-03-11 10:50:00', 'Resolved'),
(574, 'Network Issue', 'Low', 1, 1, '2026-03-09 13:48:00', 5, '2026-03-16 17:15:00', 'Resolved'),
(575, 'Access Request', 'Medium', 1, 3, '2026-03-09 16:36:00', 2, '2026-03-10 15:42:00', 'Resolved'),
(576, 'Software Issue', 'Medium', 3, 7, '2026-03-11 15:50:00', 3, '2026-03-14 15:50:00', 'Cancelled'),
(577, 'Access Request', 'High', 5, 14, '2026-03-09 15:05:00', 1, '2026-03-10 15:50:00', 'Resolved'),
(578, 'Network Issue', 'Medium', 4, 9, '2026-03-12 13:00:00', 3, '2026-03-17 15:26:00', 'Resolved'),
(579, 'Software Issue', 'Medium', 3, 7, '2026-03-11 18:19:00', 3, '2026-03-13 14:25:00', 'Resolved'),
(580, 'Software Issue', 'High', 3, 7, '2026-03-11 16:39:00', 2, '2026-03-18 11:44:00', 'Resolved'),
(581, 'Software Issue', 'High', 3, 6, '2026-03-10 16:26:00', 2, '2026-03-20 09:24:00', 'Resolved'),
(582, 'Account Setup', 'Low', 5, 13, '2026-03-12 11:24:00', 5, '2026-03-18 14:56:00', 'Resolved'),
(583, 'Software Issue', 'High', 1, 2, '2026-03-09 18:56:00', 2, '2026-03-11 17:50:00', 'Resolved'),
(584, 'Software Issue', 'High', 1, 1, '2026-03-09 18:12:00', 2, '2026-03-10 09:54:00', 'Resolved'),
(585, 'Software Issue', 'Low', 3, 6, '2026-03-17 13:47:00', 5, '2026-03-24 11:59:00', 'Resolved'),
(586, 'Network Issue', 'Low', 4, 11, '2026-03-19 13:42:00', 5, '2026-03-22 13:42:00', 'Cancelled'),
(587, 'Hardware Issue', 'Medium', 2, 5, '2026-03-20 13:18:00', 4, '2026-03-25 16:31:00', 'Resolved'),
(588, 'Access Request', 'Urgent', 1, 1, '2026-03-17 14:44:00', 1, '2026-03-18 10:35:00', 'Resolved'),
(589, 'Software Issue', 'Medium', 3, 8, '2026-03-16 15:28:00', 3, '2026-03-17 15:28:00', 'Cancelled'),
(590, 'Software Issue', 'Medium', 3, 7, '2026-03-20 18:47:00', 3, '2026-03-24 13:09:00', 'Resolved'),
(591, 'Access Request', 'Low', 1, 3, '2026-03-19 12:37:00', 4, '2026-03-31 11:47:00', 'Resolved'),
(592, 'Hardware Issue', 'Medium', 1, 3, '2026-03-16 18:41:00', 4, '2026-03-20 17:01:00', 'Resolved'),
(593, 'Software Issue', 'Medium', 1, 3, '2026-03-18 15:35:00', 3, '2026-03-31 15:31:00', 'Resolved'),
(594, 'Network Issue', 'Low', 1, 2, '2026-03-19 14:44:00', 5, '2026-03-26 09:50:00', 'Resolved'),
(595, 'Hardware Issue', 'High', 1, 1, '2026-03-16 17:22:00', 2, '2026-03-17 11:19:00', 'Resolved'),
(596, 'Access Request', 'Medium', 5, 13, '2026-03-16 17:10:00', 2, '2026-03-18 14:44:00', 'Resolved'),
(597, 'Account Setup', 'Medium', 5, 14, '2026-03-17 11:17:00', 3, '2026-03-25 16:25:00', 'Resolved'),
(598, 'Software Issue', 'Urgent', 3, 7, '2026-03-17 10:43:00', 1, '2026-03-24 13:07:00', 'Resolved'),
(599, 'Hardware Issue', 'Medium', 1, 2, '2026-03-18 12:59:00', 4, '2026-03-24 11:49:00', 'Resolved'),
(600, 'Access Request', 'Low', 5, 14, '2026-03-16 14:02:00', 4, '2026-03-19 14:02:00', 'Cancelled');

INSERT INTO tickets (ticket_id, ticket_type, priority, team_id, agent_id, submitted_date, sla_target_days, resolved_date, status) VALUES
(601, 'Hardware Issue', 'Urgent', 2, 5, '2026-03-16 10:17:00', 1, '2026-03-17 13:54:00', 'Resolved'),
(602, 'Access Request', 'High', 5, 13, '2026-03-16 10:16:00', 1, '2026-03-25 18:19:00', 'Resolved'),
(603, 'Software Issue', 'Medium', 1, 2, '2026-03-20 14:38:00', 3, '2026-03-24 17:06:00', 'Resolved'),
(604, 'Account Setup', 'Low', 1, 3, '2026-03-19 18:43:00', 5, '2026-03-31 11:41:00', 'Resolved'),
(605, 'Software Issue', 'High', 3, 8, '2026-03-18 11:46:00', 2, '2026-03-18 11:46:00', 'Cancelled'),
(606, 'Access Request', 'Medium', 1, 3, '2026-03-19 15:25:00', 2, '2026-03-23 15:31:00', 'Resolved'),
(607, 'Account Setup', 'Low', 1, 3, '2026-03-16 14:22:00', 5, '2026-03-23 13:08:00', 'Resolved'),
(608, 'Access Request', 'Medium', 5, 14, '2026-03-19 12:21:00', 2, '2026-03-24 18:42:00', 'Resolved'),
(609, 'Software Issue', 'Low', 3, 6, '2026-03-16 12:36:00', 5, '2026-03-18 12:36:00', 'Cancelled'),
(610, 'Access Request', 'Low', 5, 13, '2026-03-19 11:09:00', 4, '2026-03-25 09:47:00', 'Resolved'),
(611, 'Account Setup', 'Medium', 5, 14, '2026-03-18 15:56:00', 3, '2026-03-23 10:49:00', 'Resolved'),
(612, 'Hardware Issue', 'High', 1, 2, '2026-03-17 18:38:00', 2, '2026-03-18 13:06:00', 'Resolved'),
(613, 'Hardware Issue', 'Medium', 2, 4, '2026-03-18 14:43:00', 4, '2026-03-23 10:53:00', 'Resolved'),
(614, 'Hardware Issue', 'High', 2, 4, '2026-03-17 14:13:00', 2, '2026-03-18 16:37:00', 'Resolved'),
(615, 'Software Issue', 'Medium', 1, 1, '2026-03-18 17:38:00', 3, '2026-03-23 10:30:00', 'Resolved'),
(616, 'Software Issue', 'Medium', 3, 7, '2026-03-18 12:18:00', 3, '2026-03-20 12:35:00', 'Resolved'),
(617, 'Network Issue', 'High', 1, 3, '2026-03-17 12:18:00', 2, '2026-03-18 12:49:00', 'Resolved'),
(618, 'Access Request', 'Low', 1, 2, '2026-03-19 11:01:00', 4, '2026-03-24 13:46:00', 'Resolved'),
(619, 'Account Setup', 'High', 5, 14, '2026-03-18 10:37:00', 2, '2026-03-20 12:42:00', 'Resolved'),
(620, 'Hardware Issue', 'Medium', 2, 5, '2026-03-17 09:51:00', 4, '2026-03-23 10:41:00', 'Resolved'),
(621, 'Hardware Issue', 'Low', 2, 5, '2026-03-16 16:36:00', 6, '2026-03-24 12:21:00', 'Resolved'),
(622, 'Account Setup', 'High', 5, 13, '2026-03-19 18:12:00', 2, '2026-03-20 10:47:00', 'Resolved'),
(623, 'Hardware Issue', 'Low', 2, 4, '2026-03-19 17:01:00', 6, '2026-03-26 13:12:00', 'Resolved'),
(624, 'Access Request', 'Low', 5, 14, '2026-03-19 17:48:00', 4, '2026-03-24 18:46:00', 'Resolved'),
(625, 'Access Request', 'Medium', 5, 14, '2026-03-16 09:04:00', 2, '2026-03-16 09:04:00', 'Cancelled'),
(626, 'Access Request', 'Urgent', 5, 13, '2026-03-19 17:16:00', 1, '2026-03-20 14:22:00', 'Resolved'),
(627, 'Network Issue', 'Urgent', 4, 10, '2026-03-17 13:06:00', 1, '2026-03-18 15:57:00', 'Resolved'),
(628, 'Network Issue', 'Urgent', 4, 9, '2026-03-17 09:51:00', 1, '2026-03-19 09:51:00', 'Cancelled'),
(629, 'Access Request', 'Medium', 5, 14, '2026-03-19 10:54:00', 2, '2026-03-20 14:50:00', 'Resolved'),
(630, 'Access Request', 'Medium', 1, 1, '2026-03-20 14:30:00', 2, '2026-03-24 17:24:00', 'Resolved'),
(631, 'Access Request', 'Medium', 5, 13, '2026-03-19 12:22:00', 2, '2026-03-20 13:52:00', 'Resolved'),
(632, 'Access Request', 'Medium', 1, 3, '2026-03-17 17:27:00', 2, '2026-03-20 17:27:00', 'Cancelled'),
(633, 'Software Issue', 'Medium', 1, 2, '2026-03-20 11:51:00', 3, '2026-03-24 10:13:00', 'Resolved'),
(634, 'Hardware Issue', 'Medium', 2, 4, '2026-03-20 18:34:00', 4, '2026-03-25 16:49:00', 'Resolved'),
(635, 'Access Request', 'Low', 1, 3, '2026-03-16 09:13:00', 4, '2026-03-20 14:39:00', 'Resolved'),
(636, 'Access Request', 'Medium', 5, 13, '2026-03-20 17:56:00', 2, '2026-03-26 14:24:00', 'Resolved'),
(637, 'Software Issue', 'Medium', 3, 6, '2026-03-18 10:06:00', 3, '2026-03-19 10:06:00', 'Cancelled'),
(638, 'Hardware Issue', 'High', 2, 5, '2026-03-19 16:29:00', 2, '2026-03-20 16:10:00', 'Resolved'),
(639, 'Hardware Issue', 'High', 2, 4, '2026-03-16 15:41:00', 2, '2026-03-18 16:38:00', 'Resolved'),
(640, 'Hardware Issue', 'Low', 1, 3, '2026-03-17 11:07:00', 6, '2026-03-24 12:00:00', 'Resolved'),
(641, 'Network Issue', 'Low', 4, 10, '2026-03-17 15:36:00', 5, '2026-03-23 12:06:00', 'Resolved'),
(642, 'Hardware Issue', 'Medium', 2, 5, '2026-03-17 12:51:00', 4, '2026-03-17 12:51:00', 'Cancelled'),
(643, 'Software Issue', 'Low', 1, 1, '2026-03-17 15:15:00', 5, '2026-03-23 17:40:00', 'Resolved'),
(644, 'Access Request', 'Low', 5, 13, '2026-03-19 18:58:00', 4, '2026-03-20 18:58:00', 'Cancelled'),
(645, 'Access Request', 'Medium', 5, 13, '2026-03-18 16:01:00', 2, '2026-03-19 11:09:00', 'Resolved'),
(646, 'Hardware Issue', 'Low', 2, 5, '2026-03-20 17:10:00', 6, '2026-04-03 09:04:00', 'Resolved'),
(647, 'Network Issue', 'Low', 4, 9, '2026-03-19 09:35:00', 5, '2026-03-25 09:42:00', 'Resolved'),
(648, 'Account Setup', 'Medium', 5, 14, '2026-03-16 17:39:00', 3, '2026-03-18 09:11:00', 'Resolved'),
(649, 'Network Issue', 'High', 1, 1, '2026-03-17 17:51:00', 2, '2026-03-18 15:07:00', 'Resolved'),
(650, 'Network Issue', 'Medium', 4, 11, '2026-03-19 18:05:00', 3, '2026-03-23 12:54:00', 'Resolved'),
(651, 'Access Request', 'Medium', 5, 14, '2026-03-17 10:05:00', 2, '2026-03-19 11:31:00', 'Resolved'),
(652, 'Access Request', 'Medium', 1, 1, '2026-03-17 18:36:00', 2, '2026-03-20 09:07:00', 'Resolved'),
(653, 'Network Issue', 'Low', 4, 12, '2026-03-18 18:13:00', 5, '2026-03-24 10:58:00', 'Resolved'),
(654, 'Hardware Issue', 'Low', 2, 4, '2026-03-20 09:53:00', 6, '2026-03-21 09:53:00', 'Cancelled'),
(655, 'Account Setup', 'Medium', 1, 1, '2026-03-20 15:51:00', 3, '2026-03-22 15:51:00', 'Cancelled'),
(656, 'Hardware Issue', 'High', 1, 2, '2026-03-18 16:16:00', 2, '2026-03-20 09:20:00', 'Resolved'),
(657, 'Software Issue', 'Medium', 3, 7, '2026-03-23 16:48:00', 3, '2026-03-30 09:26:00', 'Resolved'),
(658, 'Access Request', 'Medium', 5, 14, '2026-03-26 17:01:00', 2, '2026-03-30 09:49:00', 'Resolved'),
(659, 'Account Setup', 'Medium', 5, 13, '2026-03-23 12:56:00', 3, '2026-03-24 12:56:00', 'Cancelled'),
(660, 'Hardware Issue', 'High', 1, 2, '2026-03-23 10:02:00', 2, '2026-03-26 10:02:00', 'Cancelled'),
(661, 'Account Setup', 'Medium', 5, 13, '2026-03-25 14:23:00', 3, '2026-03-28 14:23:00', 'Cancelled'),
(662, 'Account Setup', 'Low', 5, 13, '2026-03-27 11:13:00', 5, '2026-04-03 17:44:00', 'Resolved'),
(663, 'Software Issue', 'High', 3, 7, '2026-03-23 10:41:00', 2, '2026-03-24 13:27:00', 'Resolved'),
(664, 'Hardware Issue', 'Medium', 2, 4, '2026-03-24 10:11:00', 4, '2026-03-30 15:15:00', 'Resolved'),
(665, 'Access Request', 'Medium', 1, 1, '2026-03-27 14:16:00', 2, '2026-03-30 13:39:00', 'Resolved'),
(666, 'Network Issue', 'Medium', 4, 9, '2026-03-25 18:09:00', 3, '2026-03-30 10:04:00', 'Resolved'),
(667, 'Hardware Issue', 'Medium', 2, 5, '2026-03-25 10:34:00', 4, '2026-04-07 10:46:00', 'Resolved'),
(668, 'Network Issue', 'Medium', 1, 3, '2026-03-23 16:41:00', 3, '2026-03-25 16:41:00', 'Cancelled'),
(669, 'Access Request', 'High', 1, 2, '2026-03-25 16:11:00', 1, '2026-03-26 15:44:00', 'Resolved'),
(670, 'Access Request', 'Low', 1, 1, '2026-03-24 11:28:00', 4, '2026-03-30 14:20:00', 'Resolved'),
(671, 'Access Request', 'Low', 5, 13, '2026-03-27 12:01:00', 4, '2026-04-06 14:42:00', 'Resolved'),
(672, 'Access Request', 'Low', 5, 13, '2026-03-23 14:17:00', 4, '2026-03-30 11:50:00', 'Resolved'),
(673, 'Access Request', 'Low', 5, 13, '2026-03-25 18:19:00', 4, '2026-04-06 10:53:00', 'Resolved'),
(674, 'Account Setup', 'Medium', 5, 13, '2026-03-27 09:24:00', 3, '2026-03-28 09:24:00', 'Cancelled'),
(675, 'Software Issue', 'Medium', 3, 7, '2026-03-23 09:04:00', 3, '2026-03-25 14:23:00', 'Resolved'),
(676, 'Access Request', 'Medium', 5, 14, '2026-03-23 17:46:00', 2, '2026-03-25 14:23:00', 'Resolved'),
(677, 'Access Request', 'High', 5, 13, '2026-03-27 11:33:00', 1, '2026-03-30 11:18:00', 'Resolved'),
(678, 'Hardware Issue', 'Low', 1, 1, '2026-03-25 15:59:00', 6, '2026-04-01 15:54:00', 'Resolved'),
(679, 'Software Issue', 'Medium', 3, 7, '2026-03-25 14:15:00', 3, '2026-03-31 09:06:00', 'Resolved'),
(680, 'Software Issue', 'Low', 3, 7, '2026-03-23 15:53:00', 5, '2026-04-03 16:07:00', 'Resolved'),
(681, 'Software Issue', 'Medium', 3, 7, '2026-03-26 10:29:00', 3, '2026-04-01 16:30:00', 'Resolved'),
(682, 'Access Request', 'Low', 5, 14, '2026-03-26 11:58:00', 4, '2026-03-26 11:58:00', 'Cancelled'),
(683, 'Hardware Issue', 'Medium', 2, 5, '2026-03-23 10:12:00', 4, '2026-03-26 14:35:00', 'Resolved'),
(684, 'Software Issue', 'Medium', 3, 7, '2026-03-26 09:04:00', 3, '2026-03-31 10:03:00', 'Resolved'),
(685, 'Software Issue', 'Medium', 3, 8, '2026-03-24 15:33:00', 3, '2026-04-01 12:06:00', 'Resolved'),
(686, 'Software Issue', 'Medium', 3, 7, '2026-03-24 10:30:00', 3, '2026-03-26 10:51:00', 'Resolved'),
(687, 'Access Request', 'Medium', 5, 13, '2026-03-23 16:40:00', 2, '2026-03-25 10:07:00', 'Resolved'),
(688, 'Account Setup', 'Medium', 5, 13, '2026-03-24 16:30:00', 3, '2026-03-26 16:43:00', 'Resolved'),
(689, 'Network Issue', 'Medium', 4, 12, '2026-03-27 09:34:00', 3, '2026-03-31 14:09:00', 'Resolved'),
(690, 'Account Setup', 'Medium', 1, 2, '2026-03-24 15:51:00', 3, '2026-03-27 11:44:00', 'Resolved'),
(691, 'Hardware Issue', 'Medium', 2, 4, '2026-03-23 12:01:00', 4, '2026-03-26 13:28:00', 'Resolved'),
(692, 'Hardware Issue', 'Medium', 2, 5, '2026-03-24 11:53:00', 4, '2026-03-25 11:53:00', 'Cancelled'),
(693, 'Hardware Issue', 'Low', 2, 4, '2026-03-23 10:25:00', 6, '2026-04-06 12:04:00', 'Resolved'),
(694, 'Access Request', 'High', 5, 14, '2026-03-25 16:23:00', 1, '2026-03-26 12:39:00', 'Resolved'),
(695, 'Software Issue', 'Low', 1, 1, '2026-03-24 12:12:00', 5, '2026-03-26 12:12:00', 'Cancelled'),
(696, 'Hardware Issue', 'Medium', 2, 5, '2026-03-23 16:17:00', 4, '2026-03-31 14:26:00', 'Resolved'),
(697, 'Hardware Issue', 'Low', 2, 4, '2026-03-25 09:36:00', 6, '2026-04-03 11:38:00', 'Resolved'),
(698, 'Network Issue', 'High', 4, 12, '2026-03-23 13:38:00', 2, '2026-03-27 17:07:00', 'Resolved'),
(699, 'Software Issue', 'Medium', 3, 6, '2026-03-27 13:26:00', 3, '2026-03-31 18:20:00', 'Resolved'),
(700, 'Account Setup', 'Low', 5, 13, '2026-03-25 09:10:00', 5, '2026-03-25 09:10:00', 'Cancelled'),
(701, 'Hardware Issue', 'Medium', 2, 5, '2026-03-25 18:52:00', 4, '2026-04-07 12:55:00', 'Resolved'),
(702, 'Software Issue', 'High', 3, 8, '2026-03-23 11:47:00', 2, '2026-03-24 15:58:00', 'Resolved'),
(703, 'Access Request', 'Low', 1, 1, '2026-03-25 10:01:00', 4, '2026-03-27 10:01:00', 'Cancelled'),
(704, 'Access Request', 'Low', 5, 13, '2026-03-27 11:55:00', 4, '2026-03-30 11:55:00', 'Cancelled'),
(705, 'Network Issue', 'Medium', 4, 9, '2026-03-24 13:51:00', 3, '2026-03-27 17:37:00', 'Resolved'),
(706, 'Hardware Issue', 'Low', 2, 4, '2026-03-25 14:57:00', 6, '2026-04-02 18:24:00', 'Resolved'),
(707, 'Hardware Issue', 'Urgent', 2, 5, '2026-03-24 11:55:00', 1, '2026-03-25 15:23:00', 'Resolved'),
(708, 'Network Issue', 'Medium', 4, 9, '2026-03-25 17:16:00', 3, '2026-03-27 18:43:00', 'Resolved'),
(709, 'Software Issue', 'Low', 3, 6, '2026-03-27 16:13:00', 5, '2026-04-03 11:29:00', 'Resolved'),
(710, 'Software Issue', 'Medium', 1, 2, '2026-03-24 14:50:00', 3, '2026-03-24 14:50:00', 'Cancelled'),
(711, 'Account Setup', 'High', 5, 13, '2026-03-25 12:34:00', 2, '2026-03-26 14:47:00', 'Resolved'),
(712, 'Software Issue', 'Low', 3, 7, '2026-03-24 14:24:00', 5, '2026-04-02 12:56:00', 'Resolved'),
(713, 'Software Issue', 'Medium', 3, 6, '2026-03-25 13:07:00', 3, '2026-03-30 10:30:00', 'Resolved'),
(714, 'Network Issue', 'Medium', 1, 3, '2026-03-24 18:29:00', 3, '2026-03-27 15:20:00', 'Resolved'),
(715, 'Software Issue', 'High', 3, 6, '2026-03-23 11:51:00', 2, '2026-03-24 15:23:00', 'Resolved'),
(716, 'Software Issue', 'Low', 1, 3, '2026-03-26 10:40:00', 5, '2026-04-01 18:49:00', 'Resolved'),
(717, 'Network Issue', 'Medium', 4, 11, '2026-03-26 12:23:00', 3, '2026-03-30 10:38:00', 'Resolved'),
(718, 'Access Request', 'Medium', 5, 13, '2026-03-25 16:54:00', 2, '2026-03-30 18:34:00', 'Resolved'),
(719, 'Access Request', 'High', 5, 13, '2026-03-23 15:46:00', 1, '2026-03-25 11:05:00', 'Resolved'),
(720, 'Software Issue', 'High', 3, 6, '2026-03-23 12:00:00', 2, '2026-03-25 12:00:00', 'Cancelled'),
(721, 'Network Issue', 'Low', 4, 9, '2026-03-24 12:01:00', 5, '2026-03-30 11:30:00', 'Resolved'),
(722, 'Network Issue', 'Low', 4, 11, '2026-03-26 14:04:00', 5, '2026-04-10 16:55:00', 'Resolved'),
(723, 'Hardware Issue', 'High', 2, 4, '2026-03-25 13:21:00', 2, '2026-03-27 13:21:00', 'Cancelled'),
(724, 'Network Issue', 'Medium', 4, 9, '2026-03-24 11:16:00', 3, '2026-03-26 11:16:00', 'Cancelled'),
(725, 'Software Issue', 'High', 1, 2, '2026-03-24 11:50:00', 2, '2026-03-26 11:12:00', 'Resolved'),
(726, 'Software Issue', 'High', 1, 1, '2026-03-26 18:59:00', 2, '2026-03-30 15:18:00', 'Resolved'),
(727, 'Software Issue', 'Low', 3, 6, '2026-03-24 09:14:00', 5, '2026-03-30 10:37:00', 'Resolved'),
(728, 'Hardware Issue', 'High', 1, 2, '2026-03-24 11:12:00', 2, '2026-03-25 18:05:00', 'Resolved'),
(729, 'Access Request', 'Low', 5, 13, '2026-03-26 16:36:00', 4, '2026-04-08 12:06:00', 'Resolved'),
(730, 'Hardware Issue', 'Urgent', 1, 3, '2026-03-23 16:15:00', 1, '2026-03-24 17:21:00', 'Resolved'),
(731, 'Access Request', 'Medium', 5, 13, '2026-03-27 09:01:00', 2, '2026-03-31 12:40:00', 'Resolved'),
(732, 'Hardware Issue', 'Low', 2, 4, '2026-03-26 16:39:00', 6, '2026-03-27 16:39:00', 'Cancelled'),
(733, 'Hardware Issue', 'Low', 1, 1, '2026-03-24 13:42:00', 6, '2026-03-31 16:49:00', 'Resolved'),
(734, 'Software Issue', 'Low', 1, 3, '2026-03-25 14:52:00', 5, '2026-04-01 15:20:00', 'Resolved'),
(735, 'Access Request', 'Medium', 5, 14, '2026-03-23 17:46:00', 2, '2026-03-26 14:32:00', 'Resolved'),
(736, 'Access Request', 'Medium', 5, 13, '2026-03-25 12:09:00', 2, '2026-03-26 14:07:00', 'Resolved'),
(737, 'Hardware Issue', 'Medium', 2, 5, '2026-03-24 17:45:00', 4, '2026-03-27 17:45:00', 'Cancelled'),
(738, 'Software Issue', 'Low', 1, 1, '2026-03-24 17:19:00', 5, '2026-03-31 15:30:00', 'Resolved'),
(739, 'Account Setup', 'High', 1, 3, '2026-03-23 10:16:00', 2, '2026-03-25 16:45:00', 'Resolved'),
(740, 'Software Issue', 'Medium', 1, 2, '2026-04-03 16:49:00', 3, '2026-04-07 16:05:00', 'Resolved'),
(741, 'Hardware Issue', 'Medium', 2, 4, '2026-03-30 13:08:00', 4, '2026-04-13 18:02:00', 'Resolved'),
(742, 'Software Issue', 'High', 3, 8, '2026-03-30 13:42:00', 2, '2026-04-01 17:05:00', 'Resolved'),
(743, 'Access Request', 'Low', 5, 13, '2026-04-01 11:25:00', 4, '2026-04-15 11:33:00', 'Resolved'),
(744, 'Access Request', 'Low', 5, 13, '2026-03-30 10:44:00', 4, '2026-04-03 11:15:00', 'Resolved'),
(745, 'Network Issue', 'Medium', 4, 12, '2026-03-30 11:24:00', 3, '2026-04-02 10:57:00', 'Resolved'),
(746, 'Hardware Issue', 'Medium', 1, 1, '2026-04-02 12:29:00', 4, '2026-04-02 12:29:00', 'Cancelled'),
(747, 'Software Issue', 'High', 1, 3, '2026-04-02 13:47:00', 2, '2026-04-06 12:11:00', 'Resolved'),
(748, 'Software Issue', 'High', 3, 7, '2026-03-31 18:51:00', 2, '2026-04-01 11:47:00', 'Resolved'),
(749, 'Access Request', 'Low', 1, 1, '2026-04-01 12:58:00', 4, '2026-04-03 12:58:00', 'Cancelled'),
(750, 'Software Issue', 'Medium', 3, 7, '2026-04-01 12:01:00', 3, '2026-04-03 18:20:00', 'Resolved'),
(751, 'Software Issue', 'Medium', 1, 2, '2026-04-01 14:11:00', 3, '2026-04-06 09:52:00', 'Resolved'),
(752, 'Hardware Issue', 'Medium', 2, 5, '2026-04-02 09:55:00', 4, '2026-04-13 18:02:00', 'Resolved'),
(753, 'Access Request', 'Medium', 5, 14, '2026-03-30 09:20:00', 2, '2026-04-01 14:19:00', 'Resolved'),
(754, 'Hardware Issue', 'High', 2, 5, '2026-04-02 14:39:00', 2, '2026-04-04 14:39:00', 'Cancelled'),
(755, 'Hardware Issue', 'Medium', 2, 5, '2026-04-02 10:14:00', 4, '2026-04-07 09:56:00', 'Resolved'),
(756, 'Software Issue', 'Medium', 3, 7, '2026-04-02 11:48:00', 3, '2026-04-15 14:24:00', 'Resolved'),
(757, 'Hardware Issue', 'Medium', 2, 4, '2026-04-03 15:53:00', 4, '2026-04-09 09:22:00', 'Resolved'),
(758, 'Software Issue', 'High', 3, 6, '2026-04-01 11:54:00', 2, '2026-04-02 17:29:00', 'Resolved'),
(759, 'Hardware Issue', 'Medium', 1, 3, '2026-04-01 14:30:00', 4, '2026-04-06 14:23:00', 'Resolved'),
(760, 'Software Issue', 'High', 3, 7, '2026-04-01 12:04:00', 2, '2026-04-01 12:04:00', 'Cancelled'),
(761, 'Software Issue', 'Low', 3, 8, '2026-04-03 09:14:00', 5, '2026-04-20 09:12:00', 'Resolved'),
(762, 'Software Issue', 'Medium', 3, 7, '2026-03-31 16:40:00', 3, '2026-04-03 18:30:00', 'Resolved'),
(763, 'Hardware Issue', 'Medium', 2, 5, '2026-04-01 14:57:00', 4, '2026-04-07 18:58:00', 'Resolved'),
(764, 'Hardware Issue', 'Medium', 2, 4, '2026-03-31 10:38:00', 4, '2026-04-06 09:56:00', 'Resolved'),
(765, 'Hardware Issue', 'Medium', 2, 5, '2026-04-01 12:13:00', 4, '2026-04-06 18:02:00', 'Resolved'),
(766, 'Software Issue', 'Medium', 3, 6, '2026-03-31 16:37:00', 3, '2026-04-03 10:11:00', 'Resolved'),
(767, 'Hardware Issue', 'Low', 1, 3, '2026-04-01 17:18:00', 6, '2026-04-08 18:51:00', 'Resolved'),
(768, 'Access Request', 'Low', 5, 14, '2026-04-01 09:14:00', 4, '2026-04-15 10:59:00', 'Resolved'),
(769, 'Access Request', 'Medium', 5, 14, '2026-04-01 15:12:00', 2, '2026-04-02 16:34:00', 'Resolved'),
(770, 'Software Issue', 'High', 3, 6, '2026-04-01 17:00:00', 2, '2026-04-04 17:00:00', 'Cancelled'),
(771, 'Hardware Issue', 'Medium', 1, 1, '2026-04-03 17:57:00', 4, '2026-04-03 17:57:00', 'Cancelled'),
(772, 'Account Setup', 'Medium', 1, 3, '2026-03-30 17:56:00', 3, '2026-04-01 12:32:00', 'Resolved'),
(773, 'Network Issue', 'Medium', 4, 10, '2026-04-01 09:57:00', 3, '2026-04-04 09:57:00', 'Cancelled'),
(774, 'Software Issue', 'Medium', 3, 6, '2026-04-01 11:35:00', 3, '2026-04-03 15:08:00', 'Resolved'),
(775, 'Software Issue', 'Medium', 3, 7, '2026-04-03 18:44:00', 3, '2026-04-04 18:44:00', 'Cancelled'),
(776, 'Account Setup', 'Medium', 5, 14, '2026-04-01 15:13:00', 3, '2026-04-07 14:57:00', 'Resolved'),
(777, 'Hardware Issue', 'Medium', 1, 3, '2026-04-02 11:47:00', 4, '2026-04-07 12:38:00', 'Resolved'),
(778, 'Software Issue', 'High', 1, 3, '2026-03-31 11:57:00', 2, '2026-04-01 16:45:00', 'Resolved'),
(779, 'Network Issue', 'Medium', 4, 12, '2026-03-31 18:45:00', 3, '2026-04-02 16:00:00', 'Resolved'),
(780, 'Access Request', 'Medium', 5, 13, '2026-04-02 16:55:00', 2, '2026-04-05 16:55:00', 'Cancelled'),
(781, 'Hardware Issue', 'Low', 2, 4, '2026-03-31 11:20:00', 6, '2026-04-02 11:20:00', 'Cancelled'),
(782, 'Access Request', 'Medium', 5, 13, '2026-04-03 15:49:00', 2, '2026-04-07 14:39:00', 'Resolved'),
(783, 'Network Issue', 'Medium', 4, 10, '2026-03-31 15:19:00', 3, '2026-04-03 15:19:00', 'Cancelled'),
(784, 'Software Issue', 'Medium', 3, 7, '2026-03-31 10:09:00', 3, '2026-04-08 11:26:00', 'Resolved'),
(785, 'Software Issue', 'Medium', 3, 8, '2026-04-03 16:53:00', 3, '2026-04-08 16:33:00', 'Resolved'),
(786, 'Software Issue', 'High', 3, 6, '2026-03-30 12:30:00', 2, '2026-03-31 10:22:00', 'Resolved'),
(787, 'Account Setup', 'Medium', 5, 14, '2026-03-31 15:04:00', 3, '2026-04-03 14:45:00', 'Resolved'),
(788, 'Account Setup', 'Low', 5, 13, '2026-03-31 15:41:00', 5, '2026-04-15 16:22:00', 'Resolved'),
(789, 'Hardware Issue', 'Medium', 1, 3, '2026-04-01 17:40:00', 4, '2026-04-04 17:40:00', 'Cancelled'),
(790, 'Software Issue', 'High', 3, 8, '2026-04-03 15:39:00', 2, '2026-04-03 15:39:00', 'Cancelled'),
(791, 'Software Issue', 'Medium', 3, 7, '2026-03-31 11:40:00', 3, '2026-04-02 14:51:00', 'Resolved'),
(792, 'Software Issue', 'Low', 3, 8, '2026-03-30 11:35:00', 5, '2026-03-31 11:35:00', 'Cancelled'),
(793, 'Software Issue', 'High', 3, 6, '2026-03-30 13:07:00', 2, '2026-04-01 16:31:00', 'Resolved'),
(794, 'Account Setup', 'High', 5, 14, '2026-04-07 14:35:00', 2, '2026-04-09 10:21:00', 'Resolved'),
(795, 'Hardware Issue', 'Medium', 2, 5, '2026-04-06 13:24:00', 4, '2026-04-16 10:23:00', 'Resolved'),
(796, 'Access Request', 'High', 5, 14, '2026-04-06 17:00:00', 1, '2026-04-07 16:10:00', 'Resolved'),
(797, 'Access Request', 'Medium', 5, 13, '2026-04-07 15:01:00', 2, '2026-04-13 11:19:00', 'Resolved'),
(798, 'Hardware Issue', 'Medium', 2, 5, '2026-04-09 12:14:00', 4, '2026-04-23 10:09:00', 'Resolved'),
(799, 'Network Issue', 'Low', 1, 1, '2026-04-07 17:35:00', 5, '2026-04-13 15:53:00', 'Resolved'),
(800, 'Hardware Issue', 'Low', 1, 3, '2026-04-07 12:02:00', 6, '2026-04-10 12:02:00', 'Cancelled');

INSERT INTO tickets (ticket_id, ticket_type, priority, team_id, agent_id, submitted_date, sla_target_days, resolved_date, status) VALUES
(801, 'Hardware Issue', 'Low', 2, 4, '2026-04-10 15:05:00', 6, '2026-04-20 09:05:00', 'Resolved'),
(802, 'Software Issue', 'Medium', 3, 6, '2026-04-08 09:10:00', 3, '2026-04-10 10:29:00', 'Resolved'),
(803, 'Hardware Issue', 'Low', 2, 5, '2026-04-07 11:06:00', 6, '2026-04-14 14:07:00', 'Resolved'),
(804, 'Software Issue', 'Medium', 3, 7, '2026-04-09 15:20:00', 3, '2026-04-12 15:20:00', 'Cancelled'),
(805, 'Software Issue', 'High', 1, 3, '2026-04-07 12:30:00', 2, '2026-04-08 11:11:00', 'Resolved'),
(806, 'Hardware Issue', 'Low', 2, 4, '2026-04-06 11:50:00', 6, '2026-04-13 16:35:00', 'Resolved'),
(807, 'Account Setup', 'Low', 5, 13, '2026-04-10 18:00:00', 5, '2026-04-17 15:32:00', 'Resolved'),
(808, 'Hardware Issue', 'Medium', 2, 4, '2026-04-07 11:55:00', 4, '2026-04-13 11:44:00', 'Resolved'),
(809, 'Software Issue', 'Medium', 1, 3, '2026-04-08 09:32:00', 3, '2026-04-10 14:26:00', 'Resolved'),
(810, 'Network Issue', 'Medium', 4, 12, '2026-04-06 12:36:00', 3, '2026-04-15 18:59:00', 'Resolved'),
(811, 'Account Setup', 'Medium', 5, 14, '2026-04-09 18:10:00', 3, '2026-04-16 18:52:00', 'Resolved'),
(812, 'Hardware Issue', 'Medium', 2, 5, '2026-04-06 09:37:00', 4, '2026-04-08 09:37:00', 'Cancelled'),
(813, 'Software Issue', 'Medium', 3, 8, '2026-04-08 18:21:00', 3, '2026-04-13 10:31:00', 'Resolved'),
(814, 'Hardware Issue', 'Low', 2, 4, '2026-04-09 09:09:00', 6, '2026-04-17 18:32:00', 'Resolved'),
(815, 'Access Request', 'Medium', 1, 1, '2026-04-07 15:45:00', 2, '2026-04-08 10:24:00', 'Resolved'),
(816, 'Software Issue', 'Medium', 3, 7, '2026-04-07 13:56:00', 3, '2026-04-10 10:46:00', 'Resolved'),
(817, 'Hardware Issue', 'High', 2, 4, '2026-04-09 16:41:00', 2, '2026-04-13 12:04:00', 'Resolved'),
(818, 'Software Issue', 'High', 1, 1, '2026-04-07 13:17:00', 2, '2026-04-09 18:44:00', 'Resolved'),
(819, 'Account Setup', 'Low', 5, 14, '2026-04-06 13:29:00', 5, '2026-04-09 13:29:00', 'Cancelled'),
(820, 'Account Setup', 'High', 5, 13, '2026-04-08 16:07:00', 2, '2026-04-10 09:38:00', 'Resolved'),
(821, 'Access Request', 'Low', 5, 13, '2026-04-10 17:47:00', 4, '2026-04-16 12:16:00', 'Resolved'),
(822, 'Access Request', 'Low', 5, 13, '2026-04-07 17:02:00', 4, '2026-04-14 12:29:00', 'Resolved'),
(823, 'Access Request', 'Low', 1, 1, '2026-04-08 18:30:00', 4, '2026-04-10 18:30:00', 'Cancelled'),
(824, 'Account Setup', 'Medium', 1, 1, '2026-04-08 14:53:00', 3, '2026-04-10 11:53:00', 'Resolved'),
(825, 'Access Request', 'Medium', 5, 13, '2026-04-08 17:16:00', 2, '2026-04-09 16:54:00', 'Resolved'),
(826, 'Access Request', 'Medium', 5, 13, '2026-04-07 12:16:00', 2, '2026-04-09 10:40:00', 'Resolved'),
(827, 'Hardware Issue', 'Medium', 2, 5, '2026-04-09 15:34:00', 4, '2026-04-21 16:51:00', 'Resolved'),
(828, 'Account Setup', 'Medium', 5, 14, '2026-04-07 14:43:00', 3, '2026-04-10 16:52:00', 'Resolved'),
(829, 'Access Request', 'High', 1, 1, '2026-04-06 17:12:00', 1, '2026-04-07 10:35:00', 'Resolved'),
(830, 'Hardware Issue', 'Medium', 1, 1, '2026-04-07 14:25:00', 4, '2026-04-10 14:25:00', 'Cancelled'),
(831, 'Hardware Issue', 'Medium', 1, 3, '2026-04-09 16:31:00', 4, '2026-04-15 18:21:00', 'Resolved'),
(832, 'Account Setup', 'High', 1, 2, '2026-04-10 11:21:00', 2, '2026-04-13 11:31:00', 'Resolved'),
(833, 'Hardware Issue', 'Medium', 1, 2, '2026-04-10 18:18:00', 4, '2026-04-15 14:49:00', 'Resolved'),
(834, 'Software Issue', 'Medium', 3, 6, '2026-04-09 09:20:00', 3, '2026-04-14 14:36:00', 'Resolved'),
(835, 'Software Issue', 'Medium', 1, 3, '2026-04-06 14:30:00', 3, '2026-04-07 14:30:00', 'Cancelled'),
(836, 'Access Request', 'Medium', 5, 13, '2026-04-09 17:55:00', 2, '2026-04-10 13:18:00', 'Resolved'),
(837, 'Account Setup', 'Medium', 1, 1, '2026-04-06 12:45:00', 3, '2026-04-08 17:04:00', 'Resolved'),
(838, 'Network Issue', 'Medium', 4, 9, '2026-04-09 12:32:00', 3, '2026-04-13 10:43:00', 'Resolved'),
(839, 'Access Request', 'Medium', 5, 13, '2026-04-09 13:59:00', 2, '2026-04-10 13:03:00', 'Resolved'),
(840, 'Access Request', 'Low', 1, 2, '2026-04-07 15:05:00', 4, '2026-04-07 15:05:00', 'Cancelled'),
(841, 'Software Issue', 'High', 3, 8, '2026-04-08 17:26:00', 2, '2026-04-09 09:36:00', 'Resolved'),
(842, 'Network Issue', 'Medium', 1, 1, '2026-04-08 12:11:00', 3, '2026-04-14 13:37:00', 'Resolved'),
(843, 'Software Issue', 'Medium', 3, 7, '2026-04-07 17:20:00', 3, '2026-04-09 10:38:00', 'Resolved'),
(844, 'Software Issue', 'Medium', 1, 2, '2026-04-07 15:07:00', 3, '2026-04-10 14:55:00', 'Resolved'),
(845, 'Software Issue', 'High', 1, 2, '2026-04-07 09:01:00', 2, '2026-04-09 11:23:00', 'Resolved'),
(846, 'Access Request', 'High', 5, 13, '2026-04-14 14:16:00', 1, '2026-04-17 10:37:00', 'Resolved'),
(847, 'Network Issue', 'Low', 4, 9, '2026-04-16 10:10:00', 5, '2026-04-19 10:10:00', 'Cancelled'),
(848, 'Access Request', 'Low', 5, 13, '2026-04-13 15:29:00', 4, '2026-04-13 15:29:00', 'Cancelled'),
(849, 'Account Setup', 'Medium', 5, 13, '2026-04-14 12:27:00', 3, '2026-04-17 12:49:00', 'Resolved'),
(850, 'Access Request', 'High', 5, 14, '2026-04-17 10:53:00', 1, '2026-04-20 16:48:00', 'Resolved'),
(851, 'Network Issue', 'Medium', 1, 1, '2026-04-14 09:14:00', 3, '2026-04-17 09:14:00', 'Cancelled'),
(852, 'Account Setup', 'Medium', 1, 3, '2026-04-15 17:15:00', 3, '2026-04-17 10:16:00', 'Resolved'),
(853, 'Access Request', 'Urgent', 5, 13, '2026-04-15 10:49:00', 1, '2026-04-16 10:27:00', 'Resolved'),
(854, 'Account Setup', 'Medium', 5, 14, '2026-04-16 13:04:00', 3, '2026-04-17 13:04:00', 'Cancelled'),
(855, 'Network Issue', 'High', 4, 11, '2026-04-15 11:11:00', 2, '2026-04-15 11:11:00', 'Cancelled'),
(856, 'Software Issue', 'Low', 1, 3, '2026-04-14 17:27:00', 5, '2026-04-22 11:52:00', 'Resolved'),
(857, 'Account Setup', 'High', 5, 14, '2026-04-13 09:18:00', 2, '2026-04-22 12:32:00', 'Resolved'),
(858, 'Software Issue', 'Low', 3, 6, '2026-04-15 15:10:00', 5, '2026-04-22 10:15:00', 'Resolved'),
(859, 'Access Request', 'Urgent', 5, 14, '2026-04-15 16:00:00', 1, '2026-04-15 16:00:00', 'Cancelled'),
(860, 'Software Issue', 'High', 3, 8, '2026-04-15 12:26:00', 2, '2026-04-22 14:15:00', 'Resolved'),
(861, 'Network Issue', 'High', 4, 10, '2026-04-13 13:42:00', 2, '2026-04-21 15:04:00', 'Resolved'),
(862, 'Software Issue', 'Medium', 3, 8, '2026-04-15 11:05:00', 3, '2026-04-23 10:24:00', 'Resolved'),
(863, 'Access Request', 'Low', 5, 13, '2026-04-13 17:43:00', 4, '2026-04-23 18:51:00', 'Resolved'),
(864, 'Software Issue', 'High', 3, 8, '2026-04-15 16:18:00', 2, '2026-04-17 11:09:00', 'Resolved'),
(865, 'Hardware Issue', 'Low', 2, 4, '2026-04-16 10:30:00', 6, '2026-04-23 10:07:00', 'Resolved'),
(866, 'Software Issue', 'Low', 3, 8, '2026-04-13 14:15:00', 5, '2026-04-20 14:10:00', 'Resolved'),
(867, 'Access Request', 'Low', 5, 14, '2026-04-17 14:26:00', 4, '2026-04-29 16:11:00', 'Resolved'),
(868, 'Software Issue', 'Medium', 3, 8, '2026-04-17 09:08:00', 3, '2026-04-21 11:42:00', 'Resolved'),
(869, 'Access Request', 'Low', 5, 14, '2026-04-13 13:45:00', 4, '2026-04-13 13:45:00', 'Cancelled'),
(870, 'Hardware Issue', 'Medium', 2, 5, '2026-04-16 12:00:00', 4, '2026-04-27 18:20:00', 'Resolved'),
(871, 'Network Issue', 'Low', 1, 2, '2026-04-13 17:55:00', 5, '2026-04-17 13:33:00', 'Resolved'),
(872, 'Hardware Issue', 'Low', 1, 1, '2026-04-16 12:30:00', 6, '2026-04-23 18:17:00', 'Resolved'),
(873, 'Software Issue', 'Low', 3, 7, '2026-04-17 17:08:00', 5, '2026-04-23 09:34:00', 'Resolved'),
(874, 'Account Setup', 'Medium', 5, 14, '2026-04-13 13:17:00', 3, '2026-04-16 12:45:00', 'Resolved'),
(875, 'Access Request', 'Medium', 5, 14, '2026-04-14 17:34:00', 2, '2026-04-15 13:30:00', 'Resolved'),
(876, 'Hardware Issue', 'Low', 2, 5, '2026-04-15 14:46:00', 6, '2026-04-23 16:23:00', 'Resolved'),
(877, 'Software Issue', 'High', 3, 8, '2026-04-13 10:48:00', 2, '2026-04-17 15:41:00', 'Resolved'),
(878, 'Network Issue', 'High', 4, 9, '2026-04-14 13:40:00', 2, '2026-04-16 13:40:00', 'Cancelled'),
(879, 'Software Issue', 'High', 3, 7, '2026-04-15 17:03:00', 2, '2026-04-24 17:56:00', 'Resolved'),
(880, 'Hardware Issue', 'Low', 1, 2, '2026-04-17 13:51:00', 6, '2026-04-24 11:31:00', 'Resolved'),
(881, 'Access Request', 'Medium', 5, 14, '2026-04-13 10:23:00', 2, '2026-04-17 14:54:00', 'Resolved'),
(882, 'Network Issue', 'Medium', 1, 2, '2026-04-16 15:55:00', 3, '2026-04-21 11:41:00', 'Resolved'),
(883, 'Software Issue', 'High', 3, 7, '2026-04-17 11:45:00', 2, '2026-04-29 12:21:00', 'Resolved'),
(884, 'Software Issue', 'Medium', 3, 6, '2026-04-13 09:54:00', 3, '2026-04-15 11:49:00', 'Resolved'),
(885, 'Software Issue', 'High', 3, 7, '2026-04-14 14:32:00', 2, '2026-04-16 18:16:00', 'Resolved'),
(886, 'Software Issue', 'Low', 3, 7, '2026-04-15 09:25:00', 5, '2026-04-22 10:48:00', 'Resolved'),
(887, 'Software Issue', 'Low', 3, 6, '2026-04-14 14:21:00', 5, '2026-04-20 12:01:00', 'Resolved'),
(888, 'Access Request', 'Low', 5, 13, '2026-04-17 18:43:00', 4, '2026-04-22 12:14:00', 'Resolved'),
(889, 'Access Request', 'High', 1, 2, '2026-04-13 16:37:00', 1, '2026-04-14 18:20:00', 'Resolved'),
(890, 'Network Issue', 'Medium', 1, 1, '2026-04-16 17:41:00', 3, '2026-04-19 17:41:00', 'Cancelled'),
(891, 'Software Issue', 'Low', 3, 7, '2026-04-15 10:15:00', 5, '2026-04-22 09:57:00', 'Resolved'),
(892, 'Network Issue', 'Urgent', 4, 12, '2026-04-16 12:07:00', 1, '2026-04-23 12:21:00', 'Resolved'),
(893, 'Software Issue', 'Low', 3, 6, '2026-04-17 18:15:00', 5, '2026-04-19 18:15:00', 'Cancelled'),
(894, 'Hardware Issue', 'High', 1, 2, '2026-04-13 13:30:00', 2, '2026-04-14 09:42:00', 'Resolved'),
(895, 'Software Issue', 'Medium', 3, 8, '2026-04-13 15:29:00', 3, '2026-04-14 15:29:00', 'Cancelled'),
(896, 'Software Issue', 'Low', 3, 7, '2026-04-14 18:53:00', 5, '2026-04-22 13:48:00', 'Resolved'),
(897, 'Software Issue', 'Medium', 3, 7, '2026-04-15 16:56:00', 3, '2026-04-17 10:05:00', 'Resolved'),
(898, 'Hardware Issue', 'Low', 2, 5, '2026-04-15 10:11:00', 6, '2026-04-23 13:58:00', 'Resolved'),
(899, 'Access Request', 'Low', 5, 13, '2026-04-13 14:33:00', 4, '2026-04-24 16:07:00', 'Resolved'),
(900, 'Access Request', 'Low', 1, 1, '2026-04-13 14:18:00', 4, '2026-04-14 14:18:00', 'Cancelled'),
(901, 'Software Issue', 'Low', 1, 3, '2026-04-16 15:22:00', 5, '2026-04-23 13:48:00', 'Resolved'),
(902, 'Hardware Issue', 'Medium', 1, 2, '2026-04-17 10:39:00', 4, '2026-04-23 17:41:00', 'Resolved'),
(903, 'Access Request', 'High', 5, 13, '2026-04-17 14:08:00', 1, '2026-04-20 15:01:00', 'Resolved'),
(904, 'Software Issue', 'High', 3, 6, '2026-04-13 14:14:00', 2, '2026-04-14 17:28:00', 'Resolved'),
(905, 'Software Issue', 'Medium', 1, 2, '2026-04-20 16:10:00', 3, '2026-04-22 09:24:00', 'Resolved'),
(906, 'Account Setup', 'Low', 1, 3, '2026-04-22 12:56:00', 5, '2026-04-28 16:34:00', 'Resolved'),
(907, 'Software Issue', 'Medium', 3, 6, '2026-04-21 16:51:00', 3, '2026-04-28 11:16:00', 'Resolved'),
(908, 'Hardware Issue', 'Low', 1, 1, '2026-04-21 17:08:00', 6, '2026-04-23 17:08:00', 'Cancelled'),
(909, 'Account Setup', 'Urgent', 5, 14, '2026-04-20 13:35:00', 1, '2026-04-21 10:08:00', 'Resolved'),
(910, 'Access Request', 'Medium', 5, 13, '2026-04-21 13:19:00', 2, '2026-04-22 13:19:00', 'Cancelled'),
(911, 'Software Issue', 'Medium', 1, 3, '2026-04-21 16:47:00', 3, '2026-04-24 16:28:00', 'Resolved'),
(912, 'Software Issue', 'High', 1, 3, '2026-04-20 17:10:00', 2, '2026-04-21 18:39:00', 'Resolved'),
(913, 'Software Issue', 'High', 1, 3, '2026-04-23 09:37:00', 2, '2026-04-27 10:11:00', 'Resolved'),
(914, 'Access Request', 'Low', 5, 13, '2026-04-21 17:01:00', 4, '2026-04-27 17:15:00', 'Resolved'),
(915, 'Access Request', 'Medium', 5, 14, '2026-04-21 11:12:00', 2, '2026-04-22 14:23:00', 'Resolved'),
(916, 'Software Issue', 'High', 3, 8, '2026-04-20 10:58:00', 2, '2026-04-21 11:44:00', 'Resolved'),
(917, 'Network Issue', 'Low', 4, 9, '2026-04-21 13:42:00', 5, '2026-04-28 18:50:00', 'Resolved'),
(918, 'Access Request', 'Medium', 1, 1, '2026-04-21 13:35:00', 2, '2026-04-23 13:35:00', 'Cancelled'),
(919, 'Network Issue', 'Low', 4, 12, '2026-04-22 12:19:00', 5, '2026-04-28 15:44:00', 'Resolved'),
(920, 'Software Issue', 'Medium', 3, 7, '2026-04-20 17:29:00', 3, '2026-04-21 17:29:00', 'Cancelled'),
(921, 'Software Issue', 'Medium', 3, 8, '2026-04-21 12:17:00', 3, '2026-04-22 12:17:00', 'Cancelled'),
(922, 'Account Setup', 'Medium', 5, 13, '2026-04-23 11:44:00', 3, '2026-04-27 16:50:00', 'Resolved'),
(923, 'Hardware Issue', 'Medium', 2, 5, '2026-04-22 14:29:00', 4, '2026-05-06 14:25:00', 'Resolved'),
(924, 'Hardware Issue', 'Medium', 2, 5, '2026-04-20 12:10:00', 4, '2026-04-21 12:10:00', 'Cancelled'),
(925, 'Hardware Issue', 'Urgent', 2, 4, '2026-04-20 17:48:00', 1, '2026-04-21 17:13:00', 'Resolved'),
(926, 'Software Issue', 'Medium', 1, 2, '2026-04-22 12:41:00', 3, '2026-04-24 13:17:00', 'Resolved'),
(927, 'Network Issue', 'Medium', 4, 11, '2026-04-21 14:40:00', 3, '2026-05-01 12:20:00', 'Resolved'),
(928, 'Hardware Issue', 'High', 2, 5, '2026-04-21 15:51:00', 2, '2026-04-23 15:51:00', 'Cancelled'),
(929, 'Network Issue', 'Low', 4, 10, '2026-04-20 11:35:00', 5, '2026-04-24 13:43:00', 'Resolved'),
(930, 'Account Setup', 'Low', 1, 2, '2026-04-20 10:50:00', 5, '2026-04-23 10:50:00', 'Cancelled'),
(931, 'Software Issue', 'High', 3, 7, '2026-04-22 15:53:00', 2, '2026-04-27 11:26:00', 'Resolved'),
(932, 'Hardware Issue', 'High', 1, 2, '2026-04-20 11:32:00', 2, '2026-04-22 15:17:00', 'Resolved'),
(933, 'Hardware Issue', 'Medium', 2, 4, '2026-04-22 11:06:00', 4, '2026-05-05 17:12:00', 'Resolved'),
(934, 'Hardware Issue', 'Medium', 2, 4, '2026-04-22 16:41:00', 4, '2026-04-30 16:02:00', 'Resolved'),
(935, 'Access Request', 'Medium', 5, 13, '2026-04-23 18:06:00', 2, '2026-04-27 18:14:00', 'Resolved'),
(936, 'Hardware Issue', 'Medium', 2, 5, '2026-04-24 18:11:00', 4, '2026-05-01 11:44:00', 'Resolved'),
(937, 'Software Issue', 'Medium', 3, 8, '2026-04-20 13:09:00', 3, '2026-04-22 18:55:00', 'Resolved'),
(938, 'Network Issue', 'Medium', 4, 9, '2026-04-24 09:12:00', 3, '2026-04-30 13:31:00', 'Resolved'),
(939, 'Access Request', 'Medium', 5, 14, '2026-04-24 11:16:00', 2, '2026-04-27 15:07:00', 'Resolved'),
(940, 'Network Issue', 'Medium', 4, 11, '2026-04-23 12:55:00', 3, '2026-04-28 16:49:00', 'Resolved'),
(941, 'Hardware Issue', 'High', 2, 4, '2026-04-20 09:14:00', 2, '2026-04-22 09:14:00', 'Cancelled'),
(942, 'Software Issue', 'Low', 3, 8, '2026-04-21 15:26:00', 5, '2026-04-28 15:04:00', 'Resolved'),
(943, 'Software Issue', 'Low', 3, 7, '2026-04-20 18:51:00', 5, '2026-04-23 18:51:00', 'Cancelled'),
(944, 'Software Issue', 'High', 3, 7, '2026-04-24 18:49:00', 2, '2026-05-04 15:13:00', 'Resolved'),
(945, 'Access Request', 'Low', 5, 13, '2026-04-21 09:35:00', 4, '2026-04-24 10:43:00', 'Resolved'),
(946, 'Access Request', 'Urgent', 1, 1, '2026-04-20 14:57:00', 1, '2026-04-29 16:40:00', 'Resolved'),
(947, 'Software Issue', 'Medium', 3, 6, '2026-04-20 11:53:00', 3, '2026-04-23 12:09:00', 'Resolved'),
(948, 'Network Issue', 'Medium', 4, 11, '2026-04-21 15:42:00', 3, '2026-04-30 14:33:00', 'Resolved'),
(949, 'Software Issue', 'High', 3, 6, '2026-04-20 18:14:00', 2, '2026-04-23 13:02:00', 'Resolved'),
(950, 'Network Issue', 'Medium', 4, 10, '2026-04-23 13:19:00', 3, '2026-04-23 13:19:00', 'Cancelled'),
(951, 'Network Issue', 'High', 4, 11, '2026-04-20 10:46:00', 2, '2026-04-30 14:45:00', 'Resolved'),
(952, 'Software Issue', 'Low', 3, 8, '2026-04-21 11:39:00', 5, '2026-04-27 10:33:00', 'Resolved'),
(953, 'Hardware Issue', 'Medium', 2, 5, '2026-04-20 16:19:00', 4, '2026-04-24 12:24:00', 'Resolved'),
(954, 'Network Issue', 'High', 4, 12, '2026-04-23 12:20:00', 2, '2026-04-27 10:37:00', 'Resolved'),
(955, 'Network Issue', 'Urgent', 4, 10, '2026-04-21 09:41:00', 1, '2026-04-28 18:17:00', 'Resolved'),
(956, 'Account Setup', 'Medium', 5, 13, '2026-04-23 14:09:00', 3, '2026-04-28 12:07:00', 'Resolved'),
(957, 'Software Issue', 'Low', 3, 6, '2026-04-22 17:01:00', 5, '2026-04-29 18:28:00', 'Resolved'),
(958, 'Software Issue', 'Medium', 3, 8, '2026-04-29 10:25:00', 3, '2026-04-29 10:25:00', 'Cancelled'),
(959, 'Hardware Issue', 'Medium', 2, 5, '2026-05-01 15:23:00', 4, '2026-05-08 11:32:00', 'Resolved'),
(960, 'Account Setup', 'Low', 5, 13, '2026-04-29 12:40:00', 5, '2026-04-30 12:40:00', 'Cancelled'),
(961, 'Account Setup', 'Medium', 5, 14, '2026-05-01 18:33:00', 3, '2026-05-06 16:16:00', 'Resolved'),
(962, 'Software Issue', 'High', 3, 6, '2026-04-28 18:15:00', 2, '2026-04-29 17:42:00', 'Resolved'),
(963, 'Account Setup', 'High', 5, 13, '2026-04-29 15:19:00', 2, '2026-05-04 18:44:00', 'Resolved'),
(964, 'Network Issue', 'Medium', 1, 2, '2026-04-28 12:37:00', 3, '2026-05-01 11:36:00', 'Resolved'),
(965, 'Software Issue', 'Low', 3, 8, '2026-04-27 15:01:00', 5, '2026-05-04 17:05:00', 'Resolved'),
(966, 'Hardware Issue', 'High', 2, 5, '2026-04-27 10:51:00', 2, '2026-04-30 14:32:00', 'Resolved'),
(967, 'Account Setup', 'Medium', 5, 14, '2026-04-28 17:18:00', 3, '2026-05-01 18:38:00', 'Resolved'),
(968, 'Account Setup', 'Urgent', 1, 2, '2026-04-29 12:27:00', 1, '2026-04-30 18:51:00', 'Resolved'),
(969, 'Hardware Issue', 'Urgent', 1, 3, '2026-04-29 12:08:00', 1, '2026-04-30 17:00:00', 'Resolved'),
(970, 'Hardware Issue', 'Low', 1, 1, '2026-04-29 10:16:00', 6, '2026-05-06 15:29:00', 'Resolved'),
(971, 'Software Issue', 'Urgent', 3, 7, '2026-04-30 11:45:00', 1, '2026-05-01 10:11:00', 'Resolved'),
(972, 'Access Request', 'Medium', 5, 14, '2026-04-28 16:41:00', 2, '2026-05-04 15:25:00', 'Resolved'),
(973, 'Software Issue', 'Medium', 3, 8, '2026-05-01 15:12:00', 3, '2026-05-03 15:12:00', 'Cancelled'),
(974, 'Hardware Issue', 'Urgent', 2, 5, '2026-04-30 15:42:00', 1, '2026-05-05 17:49:00', 'Resolved'),
(975, 'Software Issue', 'Low', 3, 6, '2026-04-28 14:35:00', 5, '2026-05-13 10:45:00', 'Resolved'),
(976, 'Access Request', 'Low', 1, 2, '2026-05-01 17:11:00', 4, '2026-05-07 16:21:00', 'Resolved'),
(977, 'Access Request', 'Low', 5, 13, '2026-05-01 13:38:00', 4, '2026-05-06 11:05:00', 'Resolved'),
(978, 'Software Issue', 'High', 3, 6, '2026-05-01 11:57:00', 2, '2026-05-04 17:09:00', 'Resolved'),
(979, 'Network Issue', 'Medium', 4, 11, '2026-04-28 11:45:00', 3, '2026-05-01 13:05:00', 'Resolved'),
(980, 'Hardware Issue', 'Urgent', 2, 4, '2026-04-29 13:13:00', 1, '2026-04-30 12:24:00', 'Resolved'),
(981, 'Software Issue', 'Medium', 3, 8, '2026-04-28 16:00:00', 3, '2026-04-30 10:14:00', 'Resolved'),
(982, 'Software Issue', 'High', 3, 8, '2026-04-29 15:16:00', 2, '2026-05-11 15:37:00', 'Resolved'),
(983, 'Hardware Issue', 'Low', 2, 5, '2026-04-30 17:05:00', 6, '2026-05-01 17:05:00', 'Cancelled'),
(984, 'Hardware Issue', 'High', 2, 4, '2026-04-27 09:23:00', 2, '2026-04-28 18:01:00', 'Resolved'),
(985, 'Network Issue', 'Medium', 1, 2, '2026-04-27 18:51:00', 3, '2026-04-30 11:57:00', 'Resolved'),
(986, 'Software Issue', 'Low', 3, 7, '2026-04-28 17:29:00', 5, '2026-05-06 18:50:00', 'Resolved'),
(987, 'Access Request', 'Medium', 5, 13, '2026-04-30 14:38:00', 2, '2026-05-02 14:38:00', 'Cancelled'),
(988, 'Hardware Issue', 'Low', 2, 5, '2026-04-29 18:43:00', 6, '2026-05-06 14:16:00', 'Resolved'),
(989, 'Network Issue', 'Medium', 4, 12, '2026-04-28 13:42:00', 3, '2026-05-01 16:29:00', 'Resolved'),
(990, 'Network Issue', 'Medium', 4, 9, '2026-04-27 16:48:00', 3, '2026-04-29 10:15:00', 'Resolved'),
(991, 'Software Issue', 'Low', 3, 7, '2026-04-27 11:13:00', 5, '2026-05-01 14:46:00', 'Resolved'),
(992, 'Network Issue', 'High', 4, 10, '2026-04-29 16:30:00', 2, '2026-04-30 11:28:00', 'Resolved'),
(993, 'Hardware Issue', 'Low', 2, 4, '2026-04-27 10:04:00', 6, '2026-04-30 10:04:00', 'Cancelled'),
(994, 'Hardware Issue', 'Medium', 1, 2, '2026-04-27 15:32:00', 4, '2026-04-30 09:37:00', 'Resolved'),
(995, 'Network Issue', 'High', 4, 12, '2026-04-30 15:15:00', 2, '2026-05-01 17:00:00', 'Resolved'),
(996, 'Software Issue', 'Medium', 3, 7, '2026-04-27 14:02:00', 3, '2026-05-05 09:01:00', 'Resolved'),
(997, 'Access Request', 'Low', 5, 14, '2026-04-28 10:53:00', 4, '2026-05-01 10:53:00', 'Cancelled'),
(998, 'Access Request', 'Medium', 1, 3, '2026-04-30 16:23:00', 2, '2026-05-04 09:24:00', 'Resolved'),
(999, 'Account Setup', 'Urgent', 5, 13, '2026-04-27 13:26:00', 1, '2026-04-28 17:24:00', 'Resolved'),
(1000, 'Software Issue', 'High', 3, 8, '2026-05-01 10:31:00', 2, '2026-05-13 15:51:00', 'Resolved');

INSERT INTO tickets (ticket_id, ticket_type, priority, team_id, agent_id, submitted_date, sla_target_days, resolved_date, status) VALUES
(1001, 'Account Setup', 'Medium', 5, 14, '2026-04-29 17:38:00', 3, '2026-05-04 09:38:00', 'Resolved'),
(1002, 'Software Issue', 'High', 3, 8, '2026-04-27 15:42:00', 2, '2026-04-29 12:22:00', 'Resolved'),
(1003, 'Hardware Issue', 'Low', 2, 5, '2026-05-01 18:29:00', 6, '2026-05-08 14:19:00', 'Resolved'),
(1004, 'Software Issue', 'Medium', 1, 3, '2026-04-27 17:15:00', 3, '2026-04-29 15:29:00', 'Resolved'),
(1005, 'Hardware Issue', 'Medium', 1, 1, '2026-04-28 17:40:00', 4, '2026-05-04 13:40:00', 'Resolved'),
(1006, 'Hardware Issue', 'Medium', 1, 3, '2026-04-29 17:02:00', 4, '2026-05-08 09:48:00', 'Resolved'),
(1007, 'Software Issue', 'Medium', 1, 1, '2026-04-29 12:01:00', 3, '2026-05-01 15:53:00', 'Resolved'),
(1008, 'Account Setup', 'Medium', 5, 14, '2026-04-29 12:47:00', 3, '2026-05-01 10:15:00', 'Resolved'),
(1009, 'Access Request', 'Medium', 1, 2, '2026-05-01 16:33:00', 2, '2026-05-05 11:54:00', 'Resolved'),
(1010, 'Software Issue', 'Low', 3, 7, '2026-04-27 17:49:00', 5, '2026-05-07 16:03:00', 'Resolved'),
(1011, 'Network Issue', 'Medium', 1, 1, '2026-05-01 10:10:00', 3, '2026-05-04 10:10:00', 'Cancelled'),
(1012, 'Software Issue', 'Medium', 1, 1, '2026-04-28 17:43:00', 3, '2026-04-30 11:24:00', 'Resolved'),
(1013, 'Access Request', 'Medium', 5, 13, '2026-04-29 11:59:00', 2, '2026-04-30 16:32:00', 'Resolved'),
(1014, 'Software Issue', 'Medium', 1, 1, '2026-04-30 11:31:00', 3, '2026-05-04 13:14:00', 'Resolved'),
(1015, 'Hardware Issue', 'Low', 1, 2, '2026-04-28 09:03:00', 6, '2026-05-08 16:40:00', 'Resolved'),
(1016, 'Account Setup', 'High', 1, 2, '2026-04-27 17:53:00', 2, '2026-04-28 11:20:00', 'Resolved'),
(1017, 'Software Issue', 'Low', 3, 7, '2026-05-04 18:28:00', 5, '2026-05-08 11:39:00', 'Resolved'),
(1018, 'Hardware Issue', 'Low', 2, 4, '2026-05-05 14:56:00', 6, '2026-05-12 12:49:00', 'Resolved'),
(1019, 'Network Issue', 'High', 4, 11, '2026-05-04 13:49:00', 2, '2026-05-11 16:51:00', 'Resolved'),
(1020, 'Network Issue', 'Low', 4, 9, '2026-05-08 17:10:00', 5, '2026-05-19 11:13:00', 'Resolved'),
(1021, 'Hardware Issue', 'Low', 1, 1, '2026-05-05 10:59:00', 6, '2026-05-13 10:08:00', 'Resolved'),
(1022, 'Software Issue', 'Low', 3, 7, '2026-05-07 12:29:00', 5, '2026-05-10 12:29:00', 'Cancelled'),
(1023, 'Account Setup', 'High', 5, 13, '2026-05-05 10:01:00', 2, '2026-05-06 10:01:00', 'Cancelled'),
(1024, 'Account Setup', 'Low', 5, 14, '2026-05-04 18:50:00', 5, '2026-05-11 11:56:00', 'Resolved'),
(1025, 'Software Issue', 'High', 3, 7, '2026-05-05 15:04:00', 2, '2026-05-08 12:27:00', 'Resolved'),
(1026, 'Network Issue', 'Medium', 4, 12, '2026-05-06 14:28:00', 3, '2026-05-18 10:07:00', 'Resolved'),
(1027, 'Account Setup', 'High', 5, 14, '2026-05-04 16:04:00', 2, '2026-05-06 15:06:00', 'Resolved'),
(1028, 'Network Issue', 'High', 4, 10, '2026-05-07 12:32:00', 2, '2026-05-08 09:30:00', 'Resolved'),
(1029, 'Hardware Issue', 'Low', 1, 2, '2026-05-05 15:53:00', 6, '2026-05-12 17:40:00', 'Resolved'),
(1030, 'Account Setup', 'Low', 5, 13, '2026-05-05 10:59:00', 5, '2026-05-07 10:59:00', 'Cancelled'),
(1031, 'Account Setup', 'High', 5, 14, '2026-05-06 15:32:00', 2, '2026-05-08 13:58:00', 'Resolved'),
(1032, 'Access Request', 'Low', 5, 13, '2026-05-05 18:30:00', 4, '2026-05-06 18:30:00', 'Cancelled'),
(1033, 'Hardware Issue', 'Medium', 2, 4, '2026-05-06 13:40:00', 4, '2026-05-11 13:54:00', 'Resolved'),
(1034, 'Access Request', 'Urgent', 5, 13, '2026-05-08 17:52:00', 1, '2026-05-11 09:29:00', 'Resolved'),
(1035, 'Hardware Issue', 'Medium', 2, 4, '2026-05-04 15:46:00', 4, '2026-05-12 13:24:00', 'Resolved'),
(1036, 'Software Issue', 'Medium', 3, 8, '2026-05-07 12:26:00', 3, '2026-05-12 15:23:00', 'Resolved'),
(1037, 'Software Issue', 'Medium', 3, 7, '2026-05-05 15:06:00', 3, '2026-05-08 15:42:00', 'Resolved'),
(1038, 'Hardware Issue', 'Urgent', 2, 4, '2026-05-04 14:36:00', 1, '2026-05-05 14:36:00', 'Cancelled'),
(1039, 'Hardware Issue', 'High', 2, 5, '2026-05-06 18:32:00', 2, '2026-05-08 18:32:00', 'Cancelled'),
(1040, 'Hardware Issue', 'Medium', 2, 5, '2026-05-05 13:24:00', 4, '2026-05-08 16:36:00', 'Resolved'),
(1041, 'Network Issue', 'Medium', 4, 10, '2026-05-05 17:13:00', 3, '2026-05-13 10:56:00', 'Resolved'),
(1042, 'Hardware Issue', 'Medium', 2, 5, '2026-05-04 12:15:00', 4, '2026-05-08 17:04:00', 'Resolved'),
(1043, 'Hardware Issue', 'High', 2, 4, '2026-05-05 09:46:00', 2, '2026-05-07 11:58:00', 'Resolved'),
(1044, 'Account Setup', 'Medium', 5, 14, '2026-05-07 17:52:00', 3, '2026-05-19 14:41:00', 'Resolved'),
(1045, 'Hardware Issue', 'Low', 2, 4, '2026-05-04 15:14:00', 6, '2026-05-07 15:14:00', 'Cancelled'),
(1046, 'Hardware Issue', 'Low', 1, 2, '2026-05-06 14:02:00', 6, '2026-05-14 14:28:00', 'Resolved'),
(1047, 'Network Issue', 'Medium', 4, 10, '2026-05-05 12:17:00', 3, '2026-05-14 14:48:00', 'Resolved'),
(1048, 'Hardware Issue', 'Low', 1, 2, '2026-05-05 11:38:00', 6, '2026-05-12 12:19:00', 'Resolved'),
(1049, 'Software Issue', 'High', 3, 6, '2026-05-04 14:43:00', 2, '2026-05-05 17:21:00', 'Resolved'),
(1050, 'Access Request', 'Medium', 5, 14, '2026-05-07 15:14:00', 2, '2026-05-15 15:50:00', 'Resolved'),
(1051, 'Access Request', 'High', 5, 13, '2026-05-05 14:19:00', 1, '2026-05-06 14:35:00', 'Resolved'),
(1052, 'Network Issue', 'High', 4, 12, '2026-05-05 16:36:00', 2, '2026-05-05 16:36:00', 'Cancelled'),
(1053, 'Software Issue', 'Low', 1, 1, '2026-05-04 09:36:00', 5, '2026-05-07 09:36:00', 'Cancelled'),
(1054, 'Software Issue', 'Medium', 3, 8, '2026-05-04 14:31:00', 3, '2026-05-05 14:31:00', 'Cancelled'),
(1055, 'Hardware Issue', 'Medium', 2, 4, '2026-05-07 16:02:00', 4, '2026-05-09 16:02:00', 'Cancelled'),
(1056, 'Software Issue', 'Low', 3, 7, '2026-05-04 16:49:00', 5, '2026-05-19 11:40:00', 'Resolved'),
(1057, 'Network Issue', 'Low', 4, 10, '2026-05-04 16:51:00', 5, '2026-05-15 18:11:00', 'Resolved'),
(1058, 'Software Issue', 'High', 3, 6, '2026-05-07 12:19:00', 2, '2026-05-14 12:36:00', 'Resolved'),
(1059, 'Network Issue', 'Urgent', 4, 11, '2026-05-06 11:11:00', 1, '2026-05-14 11:06:00', 'Resolved'),
(1060, 'Software Issue', 'Urgent', 1, 2, '2026-05-04 13:16:00', 1, '2026-05-05 16:57:00', 'Resolved'),
(1061, 'Account Setup', 'Medium', 5, 14, '2026-05-05 13:48:00', 3, '2026-05-07 13:48:00', 'Cancelled'),
(1062, 'Access Request', 'Low', 5, 14, '2026-05-04 09:14:00', 4, '2026-05-08 13:57:00', 'Resolved'),
(1063, 'Account Setup', 'Medium', 5, 14, '2026-05-04 14:01:00', 3, '2026-05-07 11:13:00', 'Resolved'),
(1064, 'Software Issue', 'Medium', 3, 7, '2026-05-05 14:07:00', 3, '2026-05-12 15:16:00', 'Resolved'),
(1065, 'Access Request', 'Medium', 1, 2, '2026-05-05 10:37:00', 2, '2026-05-06 14:26:00', 'Resolved'),
(1066, 'Hardware Issue', 'Medium', 2, 4, '2026-05-07 18:50:00', 4, '2026-05-13 11:15:00', 'Resolved'),
(1067, 'Hardware Issue', 'Medium', 2, 4, '2026-05-04 13:38:00', 4, '2026-05-07 09:12:00', 'Resolved'),
(1068, 'Software Issue', 'Low', 3, 8, '2026-05-04 17:15:00', 5, '2026-05-11 16:23:00', 'Resolved'),
(1069, 'Hardware Issue', 'Low', 2, 4, '2026-05-06 09:12:00', 6, '2026-05-14 12:02:00', 'Resolved'),
(1070, 'Hardware Issue', 'Medium', 2, 5, '2026-05-04 14:02:00', 4, '2026-05-04 14:02:00', 'Cancelled'),
(1071, 'Hardware Issue', 'High', 2, 4, '2026-05-07 16:09:00', 2, '2026-05-08 17:39:00', 'Resolved'),
(1072, 'Software Issue', 'Medium', 3, 7, '2026-05-07 11:55:00', 3, '2026-05-08 11:55:00', 'Cancelled'),
(1073, 'Software Issue', 'Medium', 3, 6, '2026-05-07 18:48:00', 3, '2026-05-12 15:13:00', 'Resolved'),
(1074, 'Hardware Issue', 'Urgent', 1, 2, '2026-05-05 14:01:00', 1, '2026-05-06 17:32:00', 'Resolved'),
(1075, 'Software Issue', 'Medium', 1, 3, '2026-05-07 10:44:00', 3, '2026-05-11 14:09:00', 'Resolved'),
(1076, 'Hardware Issue', 'High', 2, 5, '2026-05-12 14:23:00', 2, '2026-05-21 09:19:00', 'Resolved'),
(1077, 'Software Issue', 'Urgent', 1, 2, '2026-05-15 15:51:00', 1, '2026-05-17 15:51:00', 'Cancelled'),
(1078, 'Hardware Issue', 'Urgent', 1, 1, '2026-05-13 14:19:00', 1, '2026-05-14 11:05:00', 'Resolved'),
(1079, 'Network Issue', 'Urgent', 4, 12, '2026-05-12 12:54:00', 1, '2026-05-13 12:54:00', 'Cancelled'),
(1080, 'Account Setup', 'Low', 5, 13, '2026-05-11 10:42:00', 5, '2026-05-15 17:59:00', 'Resolved'),
(1081, 'Access Request', 'Low', 1, 3, '2026-05-13 16:28:00', 4, '2026-05-19 09:26:00', 'Resolved'),
(1082, 'Network Issue', 'Medium', 4, 11, '2026-05-12 18:17:00', 3, '2026-05-13 18:17:00', 'Cancelled'),
(1083, 'Software Issue', 'High', 1, 1, '2026-05-15 16:13:00', 2, '2026-05-18 18:17:00', 'Resolved'),
(1084, 'Account Setup', 'High', 5, 13, '2026-05-14 11:31:00', 2, '2026-05-15 17:06:00', 'Resolved'),
(1085, 'Hardware Issue', 'Low', 1, 3, '2026-05-12 16:37:00', 6, '2026-05-20 11:31:00', 'Resolved'),
(1086, 'Hardware Issue', 'Medium', 2, 5, '2026-05-14 16:11:00', 4, '2026-05-19 17:56:00', 'Resolved'),
(1087, 'Software Issue', 'Low', 3, 6, '2026-05-11 15:17:00', 5, '2026-05-26 14:36:00', 'Resolved'),
(1088, 'Software Issue', 'Low', 1, 3, '2026-05-11 10:56:00', 5, '2026-05-12 10:56:00', 'Cancelled'),
(1089, 'Software Issue', 'High', 3, 6, '2026-05-11 17:13:00', 2, '2026-05-13 12:07:00', 'Resolved'),
(1090, 'Hardware Issue', 'High', 2, 4, '2026-05-11 09:26:00', 2, '2026-05-13 12:48:00', 'Resolved'),
(1091, 'Hardware Issue', 'Low', 1, 3, '2026-05-12 15:19:00', 6, '2026-05-20 16:10:00', 'Resolved'),
(1092, 'Software Issue', 'High', 3, 6, '2026-05-14 09:22:00', 2, '2026-05-15 12:28:00', 'Resolved'),
(1093, 'Access Request', 'Medium', 5, 14, '2026-05-12 10:07:00', 2, '2026-05-13 09:41:00', 'Resolved'),
(1094, 'Software Issue', 'Low', 3, 8, '2026-05-11 13:37:00', 5, '2026-05-15 11:21:00', 'Resolved'),
(1095, 'Network Issue', 'Medium', 4, 12, '2026-05-12 15:40:00', 3, '2026-05-22 14:33:00', 'Resolved'),
(1096, 'Network Issue', 'Medium', 4, 11, '2026-05-12 15:09:00', 3, '2026-05-22 10:28:00', 'Resolved'),
(1097, 'Access Request', 'Medium', 5, 14, '2026-05-14 09:20:00', 2, '2026-05-15 18:07:00', 'Resolved'),
(1098, 'Network Issue', 'Medium', 4, 9, '2026-05-13 14:02:00', 3, '2026-05-14 14:02:00', 'Cancelled'),
(1099, 'Network Issue', 'Medium', 4, 12, '2026-05-13 09:45:00', 3, '2026-05-15 12:53:00', 'Resolved'),
(1100, 'Software Issue', 'High', 3, 8, '2026-05-13 12:28:00', 2, '2026-05-15 16:24:00', 'Resolved'),
(1101, 'Software Issue', 'Medium', 3, 7, '2026-05-12 10:14:00', 3, '2026-05-22 16:58:00', 'Resolved'),
(1102, 'Account Setup', 'Medium', 5, 13, '2026-05-11 11:03:00', 3, '2026-05-20 18:30:00', 'Resolved'),
(1103, 'Account Setup', 'High', 5, 13, '2026-05-12 18:08:00', 2, '2026-05-15 18:08:00', 'Cancelled'),
(1104, 'Software Issue', 'Low', 3, 8, '2026-05-14 15:15:00', 5, '2026-05-20 18:14:00', 'Resolved'),
(1105, 'Network Issue', 'Low', 4, 11, '2026-05-13 16:21:00', 5, '2026-05-27 11:46:00', 'Resolved'),
(1106, 'Software Issue', 'High', 1, 3, '2026-05-14 17:21:00', 2, '2026-05-18 18:01:00', 'Resolved'),
(1107, 'Software Issue', 'Medium', 3, 8, '2026-05-14 10:16:00', 3, '2026-05-26 14:53:00', 'Resolved'),
(1108, 'Account Setup', 'Low', 5, 13, '2026-05-15 09:28:00', 5, '2026-05-27 17:39:00', 'Resolved'),
(1109, 'Software Issue', 'High', 1, 2, '2026-05-11 11:57:00', 2, '2026-05-13 11:57:00', 'Cancelled'),
(1110, 'Access Request', 'Low', 5, 13, '2026-05-12 18:43:00', 4, '2026-05-18 12:58:00', 'Resolved'),
(1111, 'Software Issue', 'Low', 3, 7, '2026-05-11 18:10:00', 5, '2026-05-20 14:11:00', 'Resolved'),
(1112, 'Hardware Issue', 'High', 1, 2, '2026-05-13 15:52:00', 2, '2026-05-15 11:49:00', 'Resolved'),
(1113, 'Network Issue', 'Medium', 4, 11, '2026-05-11 14:57:00', 3, '2026-05-12 14:57:00', 'Cancelled'),
(1114, 'Hardware Issue', 'High', 2, 5, '2026-05-11 17:21:00', 2, '2026-05-12 11:56:00', 'Resolved'),
(1115, 'Software Issue', 'Medium', 1, 3, '2026-05-13 14:44:00', 3, '2026-05-15 11:11:00', 'Resolved'),
(1116, 'Software Issue', 'Low', 1, 2, '2026-05-14 14:43:00', 5, '2026-05-29 15:11:00', 'Resolved'),
(1117, 'Access Request', 'Low', 5, 13, '2026-05-11 10:16:00', 4, '2026-05-15 14:38:00', 'Resolved'),
(1118, 'Hardware Issue', 'Urgent', 1, 2, '2026-05-13 12:18:00', 1, '2026-05-13 12:18:00', 'Cancelled'),
(1119, 'Access Request', 'Medium', 5, 13, '2026-05-12 18:41:00', 2, '2026-05-21 13:55:00', 'Resolved'),
(1120, 'Software Issue', 'Medium', 1, 3, '2026-05-14 17:05:00', 3, '2026-05-18 12:31:00', 'Resolved'),
(1121, 'Account Setup', 'Urgent', 1, 2, '2026-05-13 17:48:00', 1, '2026-05-19 13:54:00', 'Resolved'),
(1122, 'Hardware Issue', 'Medium', 2, 5, '2026-05-12 10:25:00', 4, '2026-05-18 10:47:00', 'Resolved'),
(1123, 'Software Issue', 'High', 1, 3, '2026-05-15 12:51:00', 2, '2026-05-19 13:17:00', 'Resolved'),
(1124, 'Network Issue', 'Medium', 4, 9, '2026-05-11 13:39:00', 3, '2026-05-20 14:36:00', 'Resolved'),
(1125, 'Software Issue', 'High', 3, 8, '2026-05-22 13:15:00', 2, '2026-05-24 13:15:00', 'Cancelled'),
(1126, 'Hardware Issue', 'High', 1, 1, '2026-05-18 11:36:00', 2, '2026-05-19 12:23:00', 'Resolved'),
(1127, 'Access Request', 'High', 5, 14, '2026-05-20 17:32:00', 1, '2026-05-23 17:32:00', 'Cancelled'),
(1128, 'Network Issue', 'Low', 4, 9, '2026-05-21 11:02:00', 5, '2026-06-02 11:01:00', 'Resolved'),
(1129, 'Software Issue', 'Medium', 1, 1, '2026-05-20 18:03:00', 3, '2026-05-22 18:03:00', 'Cancelled'),
(1130, 'Hardware Issue', 'Low', 1, 3, '2026-05-19 13:52:00', 6, '2026-05-26 15:41:00', 'Resolved'),
(1131, 'Hardware Issue', 'Medium', 2, 5, '2026-05-22 11:34:00', 4, '2026-06-03 11:28:00', 'Resolved'),
(1132, 'Access Request', 'Medium', 5, 14, '2026-05-21 15:11:00', 2, '2026-05-28 17:15:00', 'Resolved'),
(1133, 'Software Issue', 'High', 1, 1, '2026-05-19 15:23:00', 2, '2026-05-21 10:48:00', 'Resolved'),
(1134, 'Hardware Issue', 'Low', 1, 3, '2026-05-20 17:35:00', 6, '2026-05-28 18:06:00', 'Resolved'),
(1135, 'Access Request', 'Medium', 5, 14, '2026-05-19 11:56:00', 2, '2026-05-19 11:56:00', 'Cancelled'),
(1136, 'Software Issue', 'Medium', 3, 8, '2026-05-20 17:06:00', 3, '2026-05-25 13:20:00', 'Resolved'),
(1137, 'Account Setup', 'Medium', 5, 14, '2026-05-20 09:09:00', 3, '2026-05-25 14:21:00', 'Resolved'),
(1138, 'Software Issue', 'Medium', 1, 2, '2026-05-18 11:59:00', 3, '2026-05-20 14:19:00', 'Resolved'),
(1139, 'Access Request', 'Low', 5, 14, '2026-05-20 14:45:00', 4, '2026-05-26 17:25:00', 'Resolved'),
(1140, 'Access Request', 'Medium', 5, 14, '2026-05-19 14:48:00', 2, '2026-05-20 10:51:00', 'Resolved'),
(1141, 'Software Issue', 'Medium', 3, 6, '2026-05-19 13:40:00', 3, '2026-05-22 09:02:00', 'Resolved'),
(1142, 'Hardware Issue', 'Low', 2, 4, '2026-05-18 17:18:00', 6, '2026-05-25 11:58:00', 'Resolved'),
(1143, 'Software Issue', 'Low', 3, 8, '2026-05-18 12:06:00', 5, '2026-05-22 12:03:00', 'Resolved'),
(1144, 'Hardware Issue', 'High', 1, 1, '2026-05-20 12:00:00', 2, '2026-05-21 11:54:00', 'Resolved'),
(1145, 'Hardware Issue', 'Medium', 1, 3, '2026-05-20 17:54:00', 4, '2026-05-23 17:54:00', 'Cancelled'),
(1146, 'Hardware Issue', 'Low', 2, 4, '2026-05-18 16:51:00', 6, '2026-05-26 17:46:00', 'Resolved'),
(1147, 'Software Issue', 'Medium', 1, 2, '2026-05-21 16:59:00', 3, '2026-05-25 18:28:00', 'Resolved'),
(1148, 'Account Setup', 'Medium', 5, 14, '2026-05-22 11:36:00', 3, '2026-05-26 16:35:00', 'Resolved'),
(1149, 'Software Issue', 'Medium', 3, 7, '2026-05-18 17:09:00', 3, '2026-05-21 17:09:00', 'Cancelled'),
(1150, 'Hardware Issue', 'Low', 1, 3, '2026-05-19 14:36:00', 6, '2026-05-26 16:04:00', 'Resolved'),
(1151, 'Access Request', 'Low', 5, 13, '2026-05-20 10:36:00', 4, '2026-05-26 10:28:00', 'Resolved'),
(1152, 'Hardware Issue', 'Urgent', 1, 2, '2026-05-21 17:53:00', 1, '2026-05-22 17:38:00', 'Resolved'),
(1153, 'Access Request', 'Medium', 5, 13, '2026-05-19 17:22:00', 2, '2026-05-20 15:07:00', 'Resolved'),
(1154, 'Hardware Issue', 'Low', 1, 3, '2026-05-19 17:22:00', 6, '2026-05-26 12:14:00', 'Resolved'),
(1155, 'Hardware Issue', 'Medium', 2, 5, '2026-05-20 12:14:00', 4, '2026-05-22 12:14:00', 'Cancelled'),
(1156, 'Software Issue', 'Medium', 3, 7, '2026-05-20 13:03:00', 3, '2026-06-02 17:24:00', 'Resolved'),
(1157, 'Software Issue', 'Urgent', 3, 8, '2026-05-18 18:46:00', 1, '2026-05-19 11:30:00', 'Resolved'),
(1158, 'Hardware Issue', 'High', 1, 2, '2026-05-18 16:29:00', 2, '2026-05-18 16:29:00', 'Cancelled'),
(1159, 'Network Issue', 'Medium', 1, 2, '2026-05-19 10:29:00', 3, '2026-05-21 16:55:00', 'Resolved'),
(1160, 'Hardware Issue', 'Medium', 2, 4, '2026-05-18 11:14:00', 4, '2026-05-22 14:24:00', 'Resolved'),
(1161, 'Access Request', 'Low', 5, 14, '2026-05-18 18:48:00', 4, '2026-05-22 13:09:00', 'Resolved'),
(1162, 'Access Request', 'Urgent', 1, 3, '2026-05-19 11:50:00', 1, '2026-05-20 10:29:00', 'Resolved'),
(1163, 'Access Request', 'Medium', 5, 13, '2026-05-21 17:46:00', 2, '2026-05-22 09:23:00', 'Resolved'),
(1164, 'Access Request', 'High', 5, 14, '2026-05-20 12:26:00', 1, '2026-05-21 09:04:00', 'Resolved'),
(1165, 'Hardware Issue', 'Low', 2, 5, '2026-05-19 17:16:00', 6, '2026-06-03 15:56:00', 'Resolved'),
(1166, 'Hardware Issue', 'Medium', 1, 1, '2026-05-18 18:16:00', 4, '2026-05-20 18:16:00', 'Cancelled'),
(1167, 'Network Issue', 'Low', 1, 2, '2026-05-22 15:01:00', 5, '2026-06-01 18:03:00', 'Resolved'),
(1168, 'Access Request', 'Medium', 5, 14, '2026-05-20 12:35:00', 2, '2026-05-20 12:35:00', 'Cancelled'),
(1169, 'Access Request', 'High', 5, 14, '2026-05-21 18:58:00', 1, '2026-05-22 11:04:00', 'Resolved'),
(1170, 'Hardware Issue', 'Low', 1, 1, '2026-05-18 16:28:00', 6, '2026-05-20 16:28:00', 'Cancelled'),
(1171, 'Access Request', 'Low', 1, 3, '2026-05-20 17:21:00', 4, '2026-05-26 15:39:00', 'Resolved'),
(1172, 'Access Request', 'Low', 1, 1, '2026-05-18 17:36:00', 4, '2026-05-18 17:36:00', 'Cancelled'),
(1173, 'Network Issue', 'Medium', 4, 9, '2026-05-19 09:34:00', 3, '2026-05-28 14:11:00', 'Resolved'),
(1174, 'Network Issue', 'High', 1, 2, '2026-05-18 15:26:00', 2, '2026-05-19 10:52:00', 'Resolved'),
(1175, 'Access Request', 'Low', 5, 13, '2026-05-26 16:51:00', 4, '2026-05-26 16:51:00', 'Cancelled'),
(1176, 'Access Request', 'High', 1, 2, '2026-05-27 09:38:00', 1, '2026-06-03 13:15:00', 'Resolved'),
(1177, 'Software Issue', 'Medium', 3, 7, '2026-05-29 12:37:00', 3, '2026-06-04 12:06:00', 'Resolved'),
(1178, 'Account Setup', 'High', 5, 13, '2026-05-26 12:14:00', 2, '2026-05-28 12:14:00', 'Cancelled'),
(1179, 'Hardware Issue', 'Medium', 1, 1, '2026-05-25 15:20:00', 4, '2026-05-29 11:20:00', 'Resolved'),
(1180, 'Network Issue', 'Medium', 4, 9, '2026-05-28 15:50:00', 3, '2026-06-01 16:35:00', 'Resolved'),
(1181, 'Hardware Issue', 'High', 2, 4, '2026-05-28 16:06:00', 2, '2026-06-01 11:05:00', 'Resolved'),
(1182, 'Access Request', 'Medium', 1, 2, '2026-05-28 18:43:00', 2, '2026-06-01 11:39:00', 'Resolved'),
(1183, 'Software Issue', 'High', 3, 7, '2026-05-27 15:31:00', 2, '2026-05-29 15:31:00', 'Cancelled'),
(1184, 'Hardware Issue', 'Medium', 1, 3, '2026-05-26 17:06:00', 4, '2026-06-01 12:38:00', 'Resolved'),
(1185, 'Account Setup', 'Urgent', 5, 14, '2026-05-29 12:15:00', 1, '2026-06-01 16:27:00', 'Resolved'),
(1186, 'Network Issue', 'Low', 4, 10, '2026-05-25 17:41:00', 5, '2026-06-04 14:04:00', 'Resolved'),
(1187, 'Network Issue', 'Medium', 4, 10, '2026-05-26 10:19:00', 3, '2026-05-29 10:19:00', 'Cancelled'),
(1188, 'Network Issue', 'Low', 4, 9, '2026-05-29 16:00:00', 5, '2026-06-04 09:33:00', 'Resolved'),
(1189, 'Software Issue', 'High', 1, 2, '2026-05-27 11:12:00', 2, '2026-05-28 14:41:00', 'Resolved'),
(1190, 'Hardware Issue', 'Low', 2, 5, '2026-05-29 18:12:00', 6, '2026-06-09 12:20:00', 'Resolved'),
(1191, 'Access Request', 'Low', 5, 14, '2026-05-26 17:03:00', 4, '2026-06-09 10:01:00', 'Resolved'),
(1192, 'Software Issue', 'Low', 1, 3, '2026-05-27 15:33:00', 5, '2026-06-02 18:44:00', 'Resolved'),
(1193, 'Hardware Issue', 'Low', 2, 4, '2026-05-28 16:09:00', 6, '2026-06-05 14:36:00', 'Resolved'),
(1194, 'Software Issue', 'High', 1, 3, '2026-05-28 13:49:00', 2, '2026-06-01 14:57:00', 'Resolved'),
(1195, 'Software Issue', 'Medium', 3, 6, '2026-05-26 14:01:00', 3, '2026-05-28 17:26:00', 'Resolved'),
(1196, 'Access Request', 'High', 5, 13, '2026-05-25 10:50:00', 1, '2026-05-26 10:17:00', 'Resolved'),
(1197, 'Software Issue', 'Medium', 3, 8, '2026-05-25 09:24:00', 3, '2026-05-27 15:54:00', 'Resolved'),
(1198, 'Software Issue', 'Medium', 3, 8, '2026-05-25 12:07:00', 3, '2026-06-04 15:44:00', 'Resolved'),
(1199, 'Hardware Issue', 'High', 2, 4, '2026-05-27 18:37:00', 2, '2026-05-27 18:37:00', 'Cancelled'),
(1200, 'Network Issue', 'Low', 4, 10, '2026-05-27 11:48:00', 5, '2026-06-08 15:55:00', 'Resolved');

INSERT INTO tickets (ticket_id, ticket_type, priority, team_id, agent_id, submitted_date, sla_target_days, resolved_date, status) VALUES
(1201, 'Software Issue', 'Medium', 3, 6, '2026-05-29 09:22:00', 3, '2026-06-01 09:22:00', 'Cancelled'),
(1202, 'Software Issue', 'High', 3, 6, '2026-05-28 12:44:00', 2, '2026-06-01 15:13:00', 'Resolved'),
(1203, 'Account Setup', 'Medium', 1, 1, '2026-05-26 16:44:00', 3, '2026-05-28 16:44:00', 'Cancelled'),
(1204, 'Hardware Issue', 'Medium', 2, 5, '2026-05-25 09:54:00', 4, '2026-05-29 18:24:00', 'Resolved'),
(1205, 'Software Issue', 'Medium', 3, 7, '2026-05-25 10:05:00', 3, '2026-05-28 09:55:00', 'Resolved'),
(1206, 'Network Issue', 'Medium', 4, 9, '2026-05-27 10:46:00', 3, '2026-06-09 11:52:00', 'Resolved'),
(1207, 'Access Request', 'High', 5, 14, '2026-05-25 18:33:00', 1, '2026-05-26 13:22:00', 'Resolved'),
(1208, 'Network Issue', 'Low', 1, 3, '2026-05-28 11:41:00', 5, '2026-06-03 16:16:00', 'Resolved'),
(1209, 'Hardware Issue', 'Medium', 2, 5, '2026-05-26 17:29:00', 4, '2026-06-03 16:19:00', 'Resolved'),
(1210, 'Software Issue', 'Low', 3, 8, '2026-05-27 18:42:00', 5, '2026-06-03 09:46:00', 'Resolved'),
(1211, 'Software Issue', 'High', 1, 1, '2026-05-25 17:50:00', 2, '2026-05-29 11:54:00', 'Resolved'),
(1212, 'Hardware Issue', 'Medium', 2, 4, '2026-05-26 09:10:00', 4, '2026-06-01 15:52:00', 'Resolved'),
(1213, 'Software Issue', 'Urgent', 3, 7, '2026-05-26 12:30:00', 1, '2026-05-27 14:08:00', 'Resolved'),
(1214, 'Hardware Issue', 'Medium', 2, 5, '2026-05-25 15:16:00', 4, '2026-06-05 13:47:00', 'Resolved'),
(1215, 'Hardware Issue', 'Medium', 2, 4, '2026-05-27 18:31:00', 4, '2026-06-08 16:42:00', 'Resolved'),
(1216, 'Hardware Issue', 'Medium', 1, 1, '2026-05-27 12:53:00', 4, '2026-06-02 17:07:00', 'Resolved'),
(1217, 'Hardware Issue', 'High', 2, 4, '2026-05-25 09:20:00', 2, '2026-05-27 17:04:00', 'Resolved'),
(1218, 'Hardware Issue', 'Low', 1, 2, '2026-05-26 09:12:00', 6, '2026-06-04 11:28:00', 'Resolved'),
(1219, 'Account Setup', 'Medium', 5, 14, '2026-05-26 14:07:00', 3, '2026-05-28 13:25:00', 'Resolved'),
(1220, 'Account Setup', 'Urgent', 5, 13, '2026-05-27 18:07:00', 1, '2026-05-28 15:06:00', 'Resolved'),
(1221, 'Access Request', 'Medium', 5, 13, '2026-05-25 15:50:00', 2, '2026-06-01 11:40:00', 'Resolved'),
(1222, 'Network Issue', 'Low', 4, 10, '2026-05-26 11:33:00', 5, '2026-06-01 12:15:00', 'Resolved'),
(1223, 'Software Issue', 'Low', 3, 7, '2026-05-29 11:09:00', 5, '2026-05-31 11:09:00', 'Cancelled'),
(1224, 'Network Issue', 'Low', 4, 10, '2026-05-25 14:41:00', 5, '2026-06-08 09:01:00', 'Resolved'),
(1225, 'Network Issue', 'Medium', 4, 9, '2026-05-27 10:36:00', 3, '2026-06-04 12:59:00', 'Resolved'),
(1226, 'Software Issue', 'Medium', 3, 7, '2026-05-25 18:26:00', 3, '2026-05-28 18:27:00', 'Resolved'),
(1227, 'Software Issue', 'Medium', 1, 3, '2026-05-27 17:34:00', 3, '2026-05-28 17:34:00', 'Cancelled'),
(1228, 'Access Request', 'High', 5, 13, '2026-05-25 17:58:00', 1, '2026-05-26 12:13:00', 'Resolved'),
(1229, 'Software Issue', 'Medium', 3, 6, '2026-05-26 11:36:00', 3, '2026-05-29 11:36:00', 'Cancelled'),
(1230, 'Hardware Issue', 'High', 1, 1, '2026-05-25 16:14:00', 2, '2026-05-27 15:45:00', 'Resolved'),
(1231, 'Software Issue', 'Low', 3, 7, '2026-05-29 13:46:00', 5, '2026-06-05 16:44:00', 'Resolved'),
(1232, 'Software Issue', 'High', 3, 8, '2026-05-28 09:28:00', 2, '2026-05-28 09:28:00', 'Cancelled'),
(1233, 'Hardware Issue', 'Medium', 2, 5, '2026-05-25 16:10:00', 4, '2026-05-29 16:04:00', 'Resolved'),
(1234, 'Account Setup', 'Medium', 5, 14, '2026-06-02 14:30:00', 3, '2026-06-04 16:01:00', 'Resolved'),
(1235, 'Access Request', 'High', 1, 2, '2026-06-05 17:05:00', 1, '2026-06-08 14:20:00', 'Resolved'),
(1236, 'Software Issue', 'High', 3, 6, '2026-06-04 15:31:00', 2, '2026-06-10 14:14:00', 'Resolved'),
(1237, 'Access Request', 'Medium', 5, 14, '2026-06-02 15:21:00', 2, '2026-06-03 18:38:00', 'Resolved'),
(1238, 'Hardware Issue', 'Low', 2, 4, '2026-06-04 12:21:00', 6, '2026-06-11 13:23:00', 'Resolved'),
(1239, 'Hardware Issue', 'Medium', 2, 5, '2026-06-03 15:41:00', 4, '2026-06-09 12:17:00', 'Resolved'),
(1240, 'Hardware Issue', 'Low', 2, 5, '2026-06-05 17:57:00', 6, '2026-06-19 17:07:00', 'Resolved'),
(1241, 'Access Request', 'Low', 1, 1, '2026-06-03 12:30:00', 4, '2026-06-09 10:07:00', 'Resolved'),
(1242, 'Hardware Issue', 'Medium', 2, 4, '2026-06-01 10:22:00', 4, '2026-06-05 14:16:00', 'Resolved'),
(1243, 'Network Issue', 'High', 4, 9, '2026-06-01 11:58:00', 2, '2026-06-02 18:31:00', 'Resolved'),
(1244, 'Hardware Issue', 'High', 2, 5, '2026-06-01 18:09:00', 2, '2026-06-02 15:16:00', 'Resolved'),
(1245, 'Access Request', 'Medium', 1, 2, '2026-06-04 12:32:00', 2, '2026-06-08 18:54:00', 'Resolved'),
(1246, 'Access Request', 'Low', 1, 1, '2026-06-01 09:16:00', 4, '2026-06-04 18:32:00', 'Resolved'),
(1247, 'Software Issue', 'Medium', 3, 6, '2026-06-04 18:29:00', 3, '2026-06-05 18:29:00', 'Cancelled'),
(1248, 'Hardware Issue', 'High', 1, 2, '2026-06-05 12:45:00', 2, '2026-06-08 14:29:00', 'Resolved'),
(1249, 'Software Issue', 'Medium', 3, 7, '2026-06-01 10:14:00', 3, '2026-06-12 10:08:00', 'Resolved'),
(1250, 'Hardware Issue', 'High', 1, 1, '2026-06-02 12:32:00', 2, '2026-06-04 11:06:00', 'Resolved'),
(1251, 'Software Issue', 'Low', 3, 7, '2026-06-02 14:29:00', 5, '2026-06-08 11:17:00', 'Resolved'),
(1252, 'Hardware Issue', 'Medium', 1, 2, '2026-06-02 15:00:00', 4, '2026-06-09 15:59:00', 'Resolved'),
(1253, 'Software Issue', 'Low', 1, 1, '2026-06-02 11:14:00', 5, '2026-06-08 14:05:00', 'Resolved'),
(1254, 'Access Request', 'Low', 5, 14, '2026-06-05 10:49:00', 4, '2026-06-19 09:52:00', 'Resolved'),
(1255, 'Hardware Issue', 'Medium', 2, 4, '2026-06-01 17:08:00', 4, '2026-06-05 14:05:00', 'Resolved'),
(1256, 'Access Request', 'Medium', 5, 14, '2026-06-01 14:44:00', 2, '2026-06-04 12:16:00', 'Resolved'),
(1257, 'Account Setup', 'Medium', 5, 13, '2026-06-02 18:40:00', 3, '2026-06-05 10:40:00', 'Resolved'),
(1258, 'Hardware Issue', 'Medium', 2, 4, '2026-06-03 16:15:00', 4, '2026-06-17 11:00:00', 'Resolved'),
(1259, 'Software Issue', 'Medium', 3, 8, '2026-06-04 18:08:00', 3, '2026-06-10 10:11:00', 'Resolved'),
(1260, 'Software Issue', 'Low', 3, 6, '2026-06-03 13:36:00', 5, '2026-06-03 13:36:00', 'Cancelled'),
(1261, 'Access Request', 'Low', 5, 13, '2026-06-04 14:57:00', 4, '2026-06-12 18:26:00', 'Resolved'),
(1262, 'Hardware Issue', 'Medium', 2, 4, '2026-06-05 17:33:00', 4, '2026-06-19 09:05:00', 'Resolved'),
(1263, 'Access Request', 'Medium', 5, 14, '2026-06-02 10:18:00', 2, '2026-06-05 10:18:00', 'Cancelled'),
(1264, 'Access Request', 'Medium', 1, 3, '2026-06-04 14:30:00', 2, '2026-06-05 18:28:00', 'Resolved'),
(1265, 'Software Issue', 'Urgent', 3, 7, '2026-06-01 09:23:00', 1, '2026-06-02 18:40:00', 'Resolved'),
(1266, 'Hardware Issue', 'Low', 2, 5, '2026-06-02 15:11:00', 6, '2026-06-09 11:01:00', 'Resolved'),
(1267, 'Software Issue', 'High', 3, 8, '2026-06-02 17:16:00', 2, '2026-06-05 17:16:00', 'Cancelled'),
(1268, 'Software Issue', 'Low', 3, 7, '2026-06-01 16:58:00', 5, '2026-06-10 17:01:00', 'Resolved'),
(1269, 'Software Issue', 'High', 3, 7, '2026-06-01 17:55:00', 2, '2026-06-08 13:08:00', 'Resolved'),
(1270, 'Software Issue', 'High', 3, 7, '2026-06-04 13:57:00', 2, '2026-06-09 18:40:00', 'Resolved'),
(1271, 'Access Request', 'High', 5, 14, '2026-06-01 18:01:00', 1, '2026-06-02 16:16:00', 'Resolved'),
(1272, 'Hardware Issue', 'Low', 2, 4, '2026-06-01 13:10:00', 6, '2026-06-09 18:50:00', 'Resolved'),
(1273, 'Software Issue', 'High', 3, 7, '2026-06-03 10:07:00', 2, '2026-06-05 18:31:00', 'Resolved'),
(1274, 'Access Request', 'Medium', 5, 14, '2026-06-01 16:35:00', 2, '2026-06-03 13:02:00', 'Resolved'),
(1275, 'Hardware Issue', 'Medium', 1, 2, '2026-06-03 16:03:00', 4, '2026-06-09 14:12:00', 'Resolved'),
(1276, 'Account Setup', 'Medium', 5, 14, '2026-06-05 10:39:00', 3, '2026-06-09 11:05:00', 'Resolved'),
(1277, 'Access Request', 'High', 5, 14, '2026-06-02 15:01:00', 1, '2026-06-03 18:32:00', 'Resolved'),
(1278, 'Network Issue', 'Urgent', 4, 9, '2026-06-05 09:02:00', 1, '2026-06-08 09:22:00', 'Resolved'),
(1279, 'Hardware Issue', 'Low', 1, 3, '2026-06-05 10:43:00', 6, '2026-06-12 10:17:00', 'Resolved'),
(1280, 'Software Issue', 'High', 3, 8, '2026-06-03 16:51:00', 2, '2026-06-12 14:00:00', 'Resolved'),
(1281, 'Software Issue', 'High', 1, 3, '2026-06-01 10:04:00', 2, '2026-06-04 10:04:00', 'Cancelled'),
(1282, 'Software Issue', 'High', 3, 6, '2026-06-02 10:38:00', 2, '2026-06-03 16:45:00', 'Resolved'),
(1283, 'Network Issue', 'High', 4, 9, '2026-06-12 12:57:00', 2, '2026-06-23 17:24:00', 'Resolved'),
(1284, 'Network Issue', 'High', 1, 2, '2026-06-09 14:31:00', 2, '2026-06-10 17:46:00', 'Resolved'),
(1285, 'Software Issue', 'Medium', 3, 7, '2026-06-08 11:31:00', 3, '2026-06-10 16:36:00', 'Resolved'),
(1286, 'Account Setup', 'High', 5, 13, '2026-06-10 13:58:00', 2, '2026-06-17 16:23:00', 'Resolved'),
(1287, 'Hardware Issue', 'Urgent', 1, 2, '2026-06-09 15:04:00', 1, '2026-06-10 13:56:00', 'Resolved'),
(1288, 'Hardware Issue', 'High', 2, 5, '2026-06-08 13:06:00', 2, '2026-06-15 09:45:00', 'Resolved'),
(1289, 'Access Request', 'Low', 5, 13, '2026-06-09 18:27:00', 4, '2026-06-12 10:44:00', 'Resolved'),
(1290, 'Access Request', 'Low', 5, 14, '2026-06-12 16:08:00', 4, '2026-06-18 16:08:00', 'Resolved'),
(1291, 'Account Setup', 'Medium', 5, 14, '2026-06-09 15:35:00', 3, '2026-06-12 15:35:00', 'Cancelled'),
(1292, 'Software Issue', 'Urgent', 1, 1, '2026-06-11 09:16:00', 1, '2026-06-12 11:31:00', 'Resolved'),
(1293, 'Hardware Issue', 'Low', 2, 4, '2026-06-11 12:18:00', 6, '2026-06-12 12:18:00', 'Cancelled'),
(1294, 'Hardware Issue', 'Medium', 2, 5, '2026-06-10 18:47:00', 4, '2026-06-15 13:00:00', 'Resolved'),
(1295, 'Software Issue', 'Urgent', 3, 6, '2026-06-09 15:23:00', 1, '2026-06-10 18:43:00', 'Resolved'),
(1296, 'Software Issue', 'High', 3, 8, '2026-06-10 13:31:00', 2, '2026-06-13 13:31:00', 'Cancelled'),
(1297, 'Software Issue', 'High', 3, 8, '2026-06-11 10:03:00', 2, '2026-06-16 16:42:00', 'Resolved'),
(1298, 'Hardware Issue', 'Medium', 2, 4, '2026-06-09 13:53:00', 4, '2026-06-15 13:38:00', 'Resolved'),
(1299, 'Hardware Issue', 'Urgent', 2, 5, '2026-06-10 17:12:00', 1, '2026-06-11 17:32:00', 'Resolved'),
(1300, 'Software Issue', 'Urgent', 1, 2, '2026-06-09 10:29:00', 1, '2026-06-10 09:46:00', 'Resolved'),
(1301, 'Hardware Issue', 'Low', 2, 4, '2026-06-11 18:54:00', 6, '2026-06-19 13:38:00', 'Resolved'),
(1302, 'Hardware Issue', 'Medium', 1, 2, '2026-06-12 14:33:00', 4, '2026-06-18 12:00:00', 'Resolved'),
(1303, 'Software Issue', 'Medium', 1, 3, '2026-06-11 17:41:00', 3, '2026-06-11 17:41:00', 'Cancelled'),
(1304, 'Access Request', 'Medium', 5, 14, '2026-06-08 16:04:00', 2, '2026-06-09 12:36:00', 'Resolved'),
(1305, 'Access Request', 'Low', 5, 13, '2026-06-10 12:03:00', 4, '2026-06-11 12:03:00', 'Cancelled'),
(1306, 'Network Issue', 'Medium', 1, 1, '2026-06-11 14:52:00', 3, '2026-06-15 17:29:00', 'Resolved'),
(1307, 'Network Issue', 'Low', 1, 1, '2026-06-12 17:11:00', 5, '2026-06-18 13:30:00', 'Resolved'),
(1308, 'Hardware Issue', 'Medium', 2, 5, '2026-06-12 17:03:00', 4, '2026-06-17 18:11:00', 'Resolved'),
(1309, 'Network Issue', 'Medium', 4, 9, '2026-06-08 14:24:00', 3, '2026-06-11 17:29:00', 'Resolved'),
(1310, 'Hardware Issue', 'Medium', 2, 5, '2026-06-08 17:17:00', 4, '2026-06-09 17:17:00', 'Cancelled'),
(1311, 'Network Issue', 'High', 4, 9, '2026-06-10 12:09:00', 2, '2026-06-12 09:03:00', 'Resolved'),
(1312, 'Access Request', 'Low', 1, 3, '2026-06-08 15:59:00', 4, '2026-06-22 17:09:00', 'Resolved'),
(1313, 'Account Setup', 'Medium', 5, 14, '2026-06-09 13:32:00', 3, '2026-06-12 14:25:00', 'Resolved'),
(1314, 'Hardware Issue', 'High', 2, 4, '2026-06-10 17:54:00', 2, '2026-06-12 12:46:00', 'Resolved'),
(1315, 'Account Setup', 'Medium', 5, 14, '2026-06-11 14:02:00', 3, '2026-06-12 14:02:00', 'Cancelled'),
(1316, 'Hardware Issue', 'Low', 2, 5, '2026-06-09 13:58:00', 6, '2026-06-16 13:57:00', 'Resolved'),
(1317, 'Network Issue', 'High', 4, 11, '2026-06-12 16:26:00', 2, '2026-06-22 18:35:00', 'Resolved'),
(1318, 'Account Setup', 'Urgent', 5, 14, '2026-06-09 14:45:00', 1, '2026-06-10 13:07:00', 'Resolved'),
(1319, 'Software Issue', 'Medium', 3, 8, '2026-06-09 16:09:00', 3, '2026-06-22 14:14:00', 'Resolved'),
(1320, 'Software Issue', 'Medium', 3, 6, '2026-06-09 12:51:00', 3, '2026-06-12 12:51:00', 'Cancelled'),
(1321, 'Hardware Issue', 'Low', 2, 5, '2026-06-09 11:44:00', 6, '2026-06-18 16:27:00', 'Resolved'),
(1322, 'Access Request', 'Low', 5, 14, '2026-06-11 18:48:00', 4, '2026-06-17 16:59:00', 'Resolved'),
(1323, 'Hardware Issue', 'Medium', 2, 4, '2026-06-09 14:07:00', 4, '2026-06-12 14:19:00', 'Resolved'),
(1324, 'Hardware Issue', 'Medium', 1, 1, '2026-06-11 14:32:00', 4, '2026-06-16 10:43:00', 'Resolved'),
(1325, 'Network Issue', 'Medium', 1, 2, '2026-06-08 17:15:00', 3, '2026-06-11 09:54:00', 'Resolved'),
(1326, 'Access Request', 'Medium', 1, 2, '2026-06-08 11:12:00', 2, '2026-06-10 15:08:00', 'Resolved'),
(1327, 'Network Issue', 'Medium', 4, 12, '2026-06-10 15:37:00', 3, '2026-06-16 13:55:00', 'Resolved'),
(1328, 'Access Request', 'Medium', 5, 14, '2026-06-12 15:36:00', 2, '2026-06-16 09:53:00', 'Resolved'),
(1329, 'Software Issue', 'Medium', 1, 1, '2026-06-08 10:13:00', 3, '2026-06-11 09:05:00', 'Resolved'),
(1330, 'Software Issue', 'Medium', 1, 3, '2026-06-10 11:31:00', 3, '2026-06-12 17:19:00', 'Resolved'),
(1331, 'Account Setup', 'Medium', 5, 14, '2026-06-18 11:02:00', 3, '2026-06-23 14:25:00', 'Resolved'),
(1332, 'Hardware Issue', 'Low', 2, 4, '2026-06-15 09:26:00', 6, '2026-06-23 09:18:00', 'Resolved'),
(1333, 'Access Request', 'Medium', 5, 13, '2026-06-17 15:59:00', 2, '2026-06-18 11:36:00', 'Resolved'),
(1334, 'Account Setup', 'Medium', 1, 1, '2026-06-18 15:01:00', 3, '2026-06-22 17:42:00', 'Resolved'),
(1335, 'Software Issue', 'Urgent', 3, 7, '2026-06-15 11:00:00', 1, '2026-06-16 09:13:00', 'Resolved'),
(1336, 'Software Issue', 'High', 3, 7, '2026-06-17 16:05:00', 2, '2026-06-17 16:05:00', 'Cancelled'),
(1337, 'Network Issue', 'High', 4, 12, '2026-06-15 16:14:00', 2, NULL, 'In Progress'),
(1338, 'Hardware Issue', 'High', 2, 4, '2026-06-15 15:36:00', 2, '2026-06-16 13:31:00', 'Resolved'),
(1339, 'Access Request', 'Medium', 5, 13, '2026-06-19 10:09:00', 2, '2026-06-23 15:18:00', 'Resolved'),
(1340, 'Software Issue', 'Medium', 1, 1, '2026-06-18 17:39:00', 3, NULL, 'In Progress'),
(1341, 'Network Issue', 'Medium', 4, 10, '2026-06-18 11:05:00', 3, NULL, 'In Progress'),
(1342, 'Network Issue', 'Medium', 4, 11, '2026-06-15 15:50:00', 3, '2026-06-17 17:26:00', 'Resolved'),
(1343, 'Software Issue', 'Medium', 3, 6, '2026-06-19 15:11:00', 3, '2026-06-24 10:34:00', 'Resolved'),
(1344, 'Access Request', 'Low', 5, 13, '2026-06-17 14:06:00', 4, NULL, 'In Progress'),
(1345, 'Network Issue', 'Medium', 4, 10, '2026-06-17 16:11:00', 3, NULL, 'In Progress'),
(1346, 'Software Issue', 'Medium', 1, 2, '2026-06-15 15:14:00', 3, NULL, 'In Progress'),
(1347, 'Software Issue', 'Low', 1, 2, '2026-06-18 14:18:00', 5, NULL, 'In Progress'),
(1348, 'Hardware Issue', 'Medium', 1, 3, '2026-06-16 11:59:00', 4, NULL, 'In Progress'),
(1349, 'Account Setup', 'Medium', 1, 2, '2026-06-16 13:12:00', 3, '2026-06-18 10:42:00', 'Resolved'),
(1350, 'Network Issue', 'Low', 1, 2, '2026-06-18 18:05:00', 5, NULL, 'In Progress'),
(1351, 'Hardware Issue', 'Medium', 1, 1, '2026-06-16 11:05:00', 4, '2026-06-26 09:18:00', 'Resolved'),
(1352, 'Access Request', 'Medium', 1, 1, '2026-06-18 17:35:00', 2, '2026-06-22 10:39:00', 'Resolved'),
(1353, 'Software Issue', 'High', 3, 8, '2026-06-15 13:30:00', 2, '2026-06-16 16:53:00', 'Resolved'),
(1354, 'Hardware Issue', 'Medium', 1, 3, '2026-06-15 09:20:00', 4, '2026-06-17 09:20:00', 'Cancelled'),
(1355, 'Hardware Issue', 'Low', 1, 1, '2026-06-18 17:02:00', 6, NULL, 'In Progress'),
(1356, 'Hardware Issue', 'Low', 2, 4, '2026-06-18 13:00:00', 6, NULL, 'In Progress'),
(1357, 'Hardware Issue', 'Medium', 2, 4, '2026-06-18 16:47:00', 4, '2026-06-25 12:36:00', 'Resolved'),
(1358, 'Account Setup', 'Medium', 5, 13, '2026-06-16 11:10:00', 3, NULL, 'In Progress'),
(1359, 'Hardware Issue', 'High', 2, 5, '2026-06-16 10:49:00', 2, '2026-06-23 17:22:00', 'Resolved'),
(1360, 'Hardware Issue', 'Medium', 2, 5, '2026-06-18 12:59:00', 4, '2026-06-24 11:14:00', 'Resolved'),
(1361, 'Access Request', 'Medium', 5, 14, '2026-06-15 09:09:00', 2, '2026-06-17 09:30:00', 'Resolved'),
(1362, 'Software Issue', 'Medium', 1, 3, '2026-06-19 17:47:00', 3, '2026-06-20 17:47:00', 'Cancelled'),
(1363, 'Software Issue', 'Medium', 3, 6, '2026-06-15 18:44:00', 3, '2026-06-24 18:23:00', 'Resolved'),
(1364, 'Access Request', 'High', 1, 2, '2026-06-16 09:47:00', 1, '2026-06-17 09:59:00', 'Resolved'),
(1365, 'Hardware Issue', 'Low', 2, 5, '2026-06-16 10:45:00', 6, '2026-06-19 10:45:00', 'Cancelled'),
(1366, 'Network Issue', 'Medium', 1, 3, '2026-06-17 13:32:00', 3, NULL, 'In Progress'),
(1367, 'Software Issue', 'Low', 3, 7, '2026-06-18 13:45:00', 5, NULL, 'In Progress'),
(1368, 'Software Issue', 'Medium', 3, 7, '2026-06-16 17:43:00', 3, '2026-06-19 18:10:00', 'Resolved'),
(1369, 'Software Issue', 'High', 3, 8, '2026-06-17 15:39:00', 2, NULL, 'In Progress'),
(1370, 'Software Issue', 'Medium', 3, 6, '2026-06-16 14:44:00', 3, '2026-06-18 17:00:00', 'Resolved'),
(1371, 'Software Issue', 'Medium', 3, 7, '2026-06-17 13:27:00', 3, '2026-06-25 13:29:00', 'Resolved'),
(1372, 'Access Request', 'Medium', 1, 2, '2026-06-15 09:19:00', 2, '2026-06-17 17:59:00', 'Resolved'),
(1373, 'Software Issue', 'Medium', 3, 8, '2026-06-19 17:28:00', 3, NULL, 'In Progress'),
(1374, 'Network Issue', 'Medium', 4, 10, '2026-06-16 13:26:00', 3, '2026-06-18 14:53:00', 'Resolved'),
(1375, 'Software Issue', 'High', 1, 1, '2026-06-17 10:46:00', 2, '2026-06-19 12:08:00', 'Resolved'),
(1376, 'Hardware Issue', 'High', 2, 4, '2026-06-17 16:36:00', 2, '2026-06-25 10:00:00', 'Resolved'),
(1377, 'Access Request', 'Urgent', 5, 14, '2026-06-18 10:28:00', 1, '2026-06-19 11:22:00', 'Resolved'),
(1378, 'Access Request', 'Medium', 5, 13, '2026-06-16 14:48:00', 2, '2026-06-18 17:38:00', 'Resolved'),
(1379, 'Network Issue', 'Low', 4, 11, '2026-06-15 13:42:00', 5, NULL, 'In Progress'),
(1380, 'Access Request', 'Low', 1, 1, '2026-06-17 18:32:00', 4, '2026-06-23 14:43:00', 'Resolved'),
(1381, 'Network Issue', 'Medium', 1, 3, '2026-06-15 10:30:00', 3, NULL, 'In Progress'),
(1382, 'Account Setup', 'Medium', 5, 13, '2026-06-26 13:18:00', 3, '2026-06-30 12:08:00', 'Resolved'),
(1383, 'Network Issue', 'Low', 1, 3, '2026-06-24 09:57:00', 5, '2026-06-26 09:57:00', 'Cancelled'),
(1384, 'Software Issue', 'Medium', 3, 6, '2026-06-23 13:31:00', 3, '2026-06-24 13:31:00', 'Cancelled'),
(1385, 'Access Request', 'Low', 5, 14, '2026-06-22 09:38:00', 4, '2026-06-25 10:32:00', 'Resolved'),
(1386, 'Access Request', 'Medium', 5, 13, '2026-06-22 10:08:00', 2, '2026-06-23 18:51:00', 'Resolved'),
(1387, 'Software Issue', 'Low', 3, 6, '2026-06-24 12:41:00', 5, NULL, 'In Progress'),
(1388, 'Hardware Issue', 'High', 2, 4, '2026-06-23 14:14:00', 2, '2026-06-25 11:48:00', 'Resolved'),
(1389, 'Account Setup', 'Low', 5, 13, '2026-06-22 16:14:00', 5, '2026-06-26 09:21:00', 'Resolved'),
(1390, 'Network Issue', 'Medium', 4, 12, '2026-06-25 17:13:00', 3, '2026-06-30 13:13:00', 'Resolved'),
(1391, 'Software Issue', 'Medium', 3, 8, '2026-06-22 12:29:00', 3, NULL, 'In Progress'),
(1392, 'Network Issue', 'Medium', 4, 9, '2026-06-24 17:45:00', 3, '2026-06-27 17:45:00', 'Cancelled'),
(1393, 'Software Issue', 'Medium', 3, 6, '2026-06-22 16:56:00', 3, '2026-06-22 16:56:00', 'Cancelled'),
(1394, 'Software Issue', 'Low', 3, 7, '2026-06-24 10:47:00', 5, '2026-07-03 16:18:00', 'Resolved'),
(1395, 'Software Issue', 'Urgent', 3, 8, '2026-06-26 12:46:00', 1, '2026-06-29 14:10:00', 'Resolved'),
(1396, 'Software Issue', 'Low', 3, 6, '2026-06-24 13:53:00', 5, '2026-07-01 11:30:00', 'Resolved'),
(1397, 'Hardware Issue', 'Medium', 2, 5, '2026-06-23 15:28:00', 4, '2026-06-29 15:58:00', 'Resolved'),
(1398, 'Hardware Issue', 'Medium', 1, 1, '2026-06-25 14:11:00', 4, '2026-07-03 14:21:00', 'Resolved'),
(1399, 'Network Issue', 'Medium', 4, 12, '2026-06-25 16:31:00', 3, '2026-07-03 09:20:00', 'Resolved'),
(1400, 'Account Setup', 'Medium', 5, 14, '2026-06-22 12:48:00', 3, NULL, 'In Progress');

INSERT INTO tickets (ticket_id, ticket_type, priority, team_id, agent_id, submitted_date, sla_target_days, resolved_date, status) VALUES
(1401, 'Hardware Issue', 'Medium', 2, 4, '2026-06-22 09:35:00', 4, '2026-06-26 11:39:00', 'Resolved'),
(1402, 'Hardware Issue', 'Low', 1, 3, '2026-06-26 10:49:00', 6, NULL, 'In Progress'),
(1403, 'Hardware Issue', 'Low', 2, 4, '2026-06-24 09:54:00', 6, NULL, 'In Progress'),
(1404, 'Software Issue', 'Urgent', 1, 1, '2026-06-24 11:02:00', 1, NULL, 'In Progress'),
(1405, 'Access Request', 'Medium', 5, 13, '2026-06-24 10:10:00', 2, '2026-06-26 10:54:00', 'Resolved'),
(1406, 'Software Issue', 'Medium', 1, 2, '2026-06-22 17:18:00', 3, '2026-06-24 10:35:00', 'Resolved'),
(1407, 'Hardware Issue', 'Medium', 1, 1, '2026-06-22 17:47:00', 4, NULL, 'In Progress'),
(1408, 'Hardware Issue', 'High', 2, 5, '2026-06-22 09:37:00', 2, '2026-07-01 09:12:00', 'Resolved'),
(1409, 'Network Issue', 'Medium', 4, 12, '2026-06-24 16:40:00', 3, '2026-07-06 14:56:00', 'Resolved'),
(1410, 'Software Issue', 'Medium', 1, 3, '2026-06-24 15:59:00', 3, '2026-06-29 09:12:00', 'Resolved'),
(1411, 'Software Issue', 'High', 3, 7, '2026-06-23 15:13:00', 2, '2026-06-30 12:56:00', 'Resolved'),
(1412, 'Network Issue', 'Low', 4, 9, '2026-06-26 12:54:00', 5, NULL, 'In Progress'),
(1413, 'Network Issue', 'Medium', 4, 11, '2026-06-22 18:31:00', 3, '2026-06-24 18:11:00', 'Resolved'),
(1414, 'Software Issue', 'Medium', 3, 8, '2026-06-24 13:42:00', 3, '2026-06-26 11:37:00', 'Resolved'),
(1415, 'Hardware Issue', 'Medium', 1, 2, '2026-06-22 11:12:00', 4, '2026-06-26 16:49:00', 'Resolved'),
(1416, 'Hardware Issue', 'Medium', 1, 2, '2026-06-25 15:58:00', 4, '2026-06-30 14:34:00', 'Resolved'),
(1417, 'Hardware Issue', 'Medium', 1, 1, '2026-06-23 13:26:00', 4, '2026-06-26 17:37:00', 'Resolved'),
(1418, 'Network Issue', 'Low', 1, 3, '2026-06-22 10:40:00', 5, NULL, 'In Progress'),
(1419, 'Account Setup', 'Low', 5, 13, '2026-06-22 15:09:00', 5, '2026-06-25 15:09:00', 'Cancelled'),
(1420, 'Access Request', 'Low', 5, 13, '2026-06-22 09:05:00', 4, '2026-06-30 10:19:00', 'Resolved'),
(1421, 'Software Issue', 'Low', 3, 8, '2026-06-26 14:33:00', 5, NULL, 'In Progress'),
(1422, 'Software Issue', 'Medium', 3, 8, '2026-06-26 12:25:00', 3, NULL, 'In Progress'),
(1423, 'Network Issue', 'Low', 4, 9, '2026-06-23 10:37:00', 5, '2026-06-29 12:34:00', 'Resolved'),
(1424, 'Access Request', 'Low', 5, 14, '2026-06-25 13:45:00', 4, '2026-07-01 13:33:00', 'Resolved'),
(1425, 'Access Request', 'High', 5, 14, '2026-06-23 09:36:00', 1, '2026-06-24 09:36:00', 'Cancelled'),
(1426, 'Hardware Issue', 'Low', 2, 5, '2026-06-24 15:52:00', 6, '2026-07-01 15:03:00', 'Resolved'),
(1427, 'Hardware Issue', 'Low', 2, 4, '2026-06-25 12:15:00', 6, '2026-07-02 13:22:00', 'Resolved'),
(1428, 'Account Setup', 'Medium', 1, 1, '2026-06-25 10:01:00', 3, '2026-06-25 10:01:00', 'Cancelled'),
(1429, 'Software Issue', 'Medium', 3, 8, '2026-06-23 18:53:00', 3, '2026-06-26 18:53:00', 'Cancelled'),
(1430, 'Network Issue', 'Medium', 4, 11, '2026-06-22 09:02:00', 3, NULL, 'In Progress'),
(1431, 'Access Request', 'Medium', 5, 14, '2026-06-22 15:38:00', 2, '2026-07-01 14:13:00', 'Resolved'),
(1432, 'Access Request', 'Medium', 5, 14, '2026-06-23 14:48:00', 2, NULL, 'In Progress'),
(1433, 'Software Issue', 'Medium', 1, 2, '2026-06-22 18:17:00', 3, '2026-06-25 18:45:00', 'Resolved'),
(1434, 'Hardware Issue', 'Medium', 2, 5, '2026-06-23 16:31:00', 4, '2026-06-30 15:40:00', 'Resolved'),
(1435, 'Hardware Issue', 'Medium', 1, 1, '2026-06-25 13:26:00', 4, '2026-07-01 15:33:00', 'Resolved'),
(1436, 'Hardware Issue', 'High', 2, 4, '2026-06-23 17:53:00', 2, '2026-06-25 14:48:00', 'Resolved'),
(1437, 'Access Request', 'Medium', 5, 13, '2026-06-22 15:39:00', 2, '2026-06-23 18:29:00', 'Resolved'),
(1438, 'Software Issue', 'Medium', 1, 2, '2026-06-23 10:11:00', 3, '2026-06-26 14:03:00', 'Resolved'),
(1439, 'Software Issue', 'Medium', 3, 6, '2026-06-25 13:14:00', 3, '2026-06-29 17:45:00', 'Resolved'),
(1440, 'Network Issue', 'Low', 4, 11, '2026-06-23 10:31:00', 5, '2026-07-03 15:33:00', 'Resolved'),
(1441, 'Software Issue', 'High', 3, 6, '2026-06-25 12:56:00', 2, '2026-06-29 16:23:00', 'Resolved'),
(1442, 'Hardware Issue', 'High', 2, 5, '2026-07-01 09:43:00', 2, '2026-07-04 09:43:00', 'Cancelled'),
(1443, 'Account Setup', 'Medium', 5, 14, '2026-07-01 10:06:00', 3, '2026-07-03 18:56:00', 'Resolved'),
(1444, 'Hardware Issue', 'Medium', 2, 5, '2026-07-03 15:12:00', 4, '2026-07-08 13:49:00', 'Resolved'),
(1445, 'Network Issue', 'High', 1, 1, '2026-06-29 14:38:00', 2, NULL, 'In Progress'),
(1446, 'Access Request', 'Medium', 5, 13, '2026-06-30 14:06:00', 2, NULL, 'In Progress'),
(1447, 'Software Issue', 'High', 3, 8, '2026-06-30 10:28:00', 2, NULL, 'In Progress'),
(1448, 'Account Setup', 'Low', 5, 14, '2026-07-01 11:04:00', 5, '2026-07-10 16:13:00', 'Resolved'),
(1449, 'Network Issue', 'Medium', 4, 10, '2026-06-30 12:19:00', 3, '2026-07-03 09:03:00', 'Resolved'),
(1450, 'Software Issue', 'Medium', 3, 6, '2026-06-30 10:08:00', 3, '2026-07-02 13:12:00', 'Resolved'),
(1451, 'Network Issue', 'Low', 1, 2, '2026-07-01 18:31:00', 5, '2026-07-08 14:04:00', 'Resolved'),
(1452, 'Access Request', 'High', 5, 13, '2026-06-29 09:42:00', 1, NULL, 'In Progress'),
(1453, 'Hardware Issue', 'Medium', 1, 2, '2026-07-03 10:36:00', 4, '2026-07-08 17:07:00', 'Resolved'),
(1454, 'Hardware Issue', 'High', 1, 3, '2026-07-03 13:21:00', 2, '2026-07-07 13:28:00', 'Resolved'),
(1455, 'Software Issue', 'High', 3, 6, '2026-07-01 12:22:00', 2, '2026-07-04 12:22:00', 'Cancelled'),
(1456, 'Hardware Issue', 'High', 2, 5, '2026-07-01 12:12:00', 2, '2026-07-03 16:04:00', 'Resolved'),
(1457, 'Account Setup', 'Low', 1, 1, '2026-06-29 14:41:00', 5, '2026-07-03 15:17:00', 'Resolved'),
(1458, 'Hardware Issue', 'Low', 2, 5, '2026-07-02 17:09:00', 6, NULL, 'In Progress'),
(1459, 'Hardware Issue', 'Low', 1, 2, '2026-06-29 10:25:00', 6, '2026-07-09 09:15:00', 'Resolved'),
(1460, 'Access Request', 'High', 5, 14, '2026-06-29 17:10:00', 1, '2026-07-01 16:38:00', 'Resolved'),
(1461, 'Software Issue', 'Medium', 3, 8, '2026-06-29 10:25:00', 3, '2026-07-01 11:43:00', 'Resolved'),
(1462, 'Access Request', 'Medium', 5, 13, '2026-06-29 15:07:00', 2, '2026-07-01 15:03:00', 'Resolved'),
(1463, 'Access Request', 'Low', 5, 13, '2026-07-02 09:20:00', 4, '2026-07-08 18:38:00', 'Resolved'),
(1464, 'Access Request', 'Medium', 5, 13, '2026-07-02 14:24:00', 2, NULL, 'In Progress'),
(1465, 'Network Issue', 'Low', 1, 2, '2026-07-03 16:24:00', 5, '2026-07-10 15:39:00', 'Resolved'),
(1466, 'Network Issue', 'Medium', 1, 3, '2026-06-30 11:21:00', 3, '2026-07-07 15:01:00', 'Resolved'),
(1467, 'Network Issue', 'Medium', 4, 10, '2026-07-03 18:52:00', 3, '2026-07-06 18:52:00', 'Cancelled'),
(1468, 'Software Issue', 'Medium', 3, 8, '2026-06-30 10:15:00', 3, '2026-07-07 16:08:00', 'Resolved'),
(1469, 'Account Setup', 'Low', 5, 13, '2026-06-29 18:20:00', 5, '2026-07-03 15:42:00', 'Resolved'),
(1470, 'Software Issue', 'Low', 3, 7, '2026-07-01 17:48:00', 5, '2026-07-07 12:31:00', 'Resolved'),
(1471, 'Network Issue', 'High', 1, 2, '2026-07-01 09:31:00', 2, NULL, 'In Progress'),
(1472, 'Access Request', 'Medium', 5, 14, '2026-06-29 12:40:00', 2, NULL, 'In Progress'),
(1473, 'Hardware Issue', 'Low', 2, 4, '2026-06-30 09:23:00', 6, '2026-07-07 14:14:00', 'Resolved'),
(1474, 'Software Issue', 'High', 1, 3, '2026-06-29 17:28:00', 2, '2026-06-29 17:28:00', 'Cancelled'),
(1475, 'Network Issue', 'Medium', 4, 12, '2026-07-01 09:07:00', 3, '2026-07-10 12:23:00', 'Resolved'),
(1476, 'Software Issue', 'High', 3, 6, '2026-07-03 10:26:00', 2, '2026-07-06 09:56:00', 'Resolved'),
(1477, 'Software Issue', 'Medium', 1, 3, '2026-07-03 11:09:00', 3, '2026-07-03 11:09:00', 'Cancelled'),
(1478, 'Hardware Issue', 'Medium', 2, 4, '2026-06-29 10:47:00', 4, NULL, 'In Progress'),
(1479, 'Software Issue', 'Low', 3, 7, '2026-07-03 10:44:00', 5, '2026-07-09 15:23:00', 'Resolved'),
(1480, 'Hardware Issue', 'Medium', 2, 5, '2026-07-02 12:45:00', 4, '2026-07-07 16:14:00', 'Resolved'),
(1481, 'Hardware Issue', 'Medium', 2, 5, '2026-07-01 15:16:00', 4, NULL, 'In Progress'),
(1482, 'Network Issue', 'Low', 4, 9, '2026-07-01 14:33:00', 5, '2026-07-09 13:29:00', 'Resolved'),
(1483, 'Software Issue', 'Urgent', 3, 6, '2026-07-01 09:45:00', 1, '2026-07-02 14:31:00', 'Resolved'),
(1484, 'Network Issue', 'Low', 4, 12, '2026-06-29 11:53:00', 5, '2026-07-03 15:31:00', 'Resolved'),
(1485, 'Hardware Issue', 'Medium', 2, 5, '2026-06-30 18:31:00', 4, '2026-07-02 18:31:00', 'Cancelled'),
(1486, 'Access Request', 'Medium', 5, 14, '2026-07-01 12:24:00', 2, '2026-07-13 10:24:00', 'Resolved'),
(1487, 'Hardware Issue', 'Medium', 2, 4, '2026-07-01 15:57:00', 4, '2026-07-07 17:04:00', 'Resolved'),
(1488, 'Access Request', 'Medium', 1, 3, '2026-07-02 18:13:00', 2, '2026-07-03 16:26:00', 'Resolved'),
(1489, 'Software Issue', 'Medium', 3, 6, '2026-06-29 12:54:00', 3, '2026-07-01 18:31:00', 'Resolved'),
(1490, 'Hardware Issue', 'Medium', 2, 5, '2026-07-01 14:50:00', 4, '2026-07-07 12:46:00', 'Resolved'),
(1491, 'Network Issue', 'Low', 4, 12, '2026-07-01 11:15:00', 5, '2026-07-03 11:15:00', 'Cancelled'),
(1492, 'Software Issue', 'Low', 1, 2, '2026-07-02 12:23:00', 5, NULL, 'In Progress'),
(1493, 'Hardware Issue', 'High', 2, 4, '2026-06-29 09:33:00', 2, '2026-07-01 16:24:00', 'Resolved'),
(1494, 'Account Setup', 'Low', 1, 2, '2026-06-30 12:23:00', 5, NULL, 'In Progress'),
(1495, 'Hardware Issue', 'Low', 1, 3, '2026-06-30 09:11:00', 6, '2026-07-08 11:55:00', 'Resolved'),
(1496, 'Account Setup', 'Low', 5, 14, '2026-07-02 16:50:00', 5, '2026-07-16 17:28:00', 'Resolved'),
(1497, 'Hardware Issue', 'Medium', 1, 3, '2026-06-30 11:00:00', 4, NULL, 'In Progress'),
(1498, 'Hardware Issue', 'Medium', 1, 2, '2026-07-02 13:38:00', 4, NULL, 'In Progress'),
(1499, 'Hardware Issue', 'Medium', 2, 5, '2026-06-29 10:35:00', 4, NULL, 'In Progress'),
(1500, 'Hardware Issue', 'Urgent', 2, 5, '2026-07-01 15:39:00', 1, '2026-07-02 15:39:00', 'Cancelled'),
(1501, 'Account Setup', 'Medium', 5, 13, '2026-07-01 18:11:00', 3, NULL, 'In Progress'),
(1502, 'Network Issue', 'Medium', 4, 9, '2026-07-01 12:16:00', 3, '2026-07-09 17:55:00', 'Resolved');
